acc_x, acc_y, angular_z, stamp, 
-0.015882015228271484,-0.002261519432067871,2.6848157510013277e-10,1727985899848063262
-0.02669072151184082,-0.005668222904205322,4.953881153902802e-07,1727985899878153493
-0.010266005992889404,0.011055290699005127,5.113207002693133e-07,1727985899937481990
0.0009847283363342285,0.022129476070404053,2.4910453742360287e-06,1727985899998347292
-0.01667994260787964,-0.020952820777893066,2.446214797674713e-06,1727985900028806357
0.0016597509384155273,0.011400282382965088,2.335766305872533e-06,1727985900060706055
0.012706220149993896,-0.001257479190826416,2.67121541059728e-06,1727985900088600208
0.03619784116744995,0.012897610664367676,2.917032694716021e-06,1727985900119252946
-0.001545250415802002,0.0054833292961120605,2.982654928050761e-06,1727985900149232285
0.005430042743682861,0.0034804344177246094,2.481604369757095e-06,1727985900179260508
-0.005477011203765869,-0.00224459171295166,2.481573258503452e-06,1727985900239343769
0.0018518567085266113,-0.0027340054512023926,1.8554043603698332e-06,1727985900300690578
-0.019636452198028564,-0.004941105842590332,2.388173913272894e-06,1727985900331896229
-0.021368741989135742,0.012739479541778564,2.7951164767989153e-06,1727985900358559725
-0.02111130952835083,-0.0001137852668762207,2.418152784443954e-06,1727985900389381712
0.018674910068511963,0.0032808780670166016,2.482983343136791e-06,1727985900419400999
-0.024274349212646484,0.001355588436126709,2.5565326587189854e-06,1727985900448557854
0.006333887577056885,0.0068552494049072266,2.877160687351777e-06,1727985900479644600
0.0046367645263671875,-0.02704232931137085,2.4780561829778357e-06,1727985900509723096
0.004667043685913086,0.0001550912857055664,2.402854106408312e-06,1727985900540740897
-0.0024788975715637207,0.0022166967391967773,2.386613014645421e-06,1727985900571967636
0.033464670181274414,-0.0010849237442016602,2.6847744858734013e-06,1727985900599724272
0.018942177295684814,0.013586282730102539,2.978056425689282e-06,1727985900629749421
-0.008159160614013672,-0.023815572261810303,2.4772735610821153e-06,1727985900659827088
0.006028890609741211,-0.01992058753967285,1.9863503633034815e-06,1727985900689834876
0.016592442989349365,0.007315158843994141,1.4842804631093302e-06,1727985900719952155
-0.006950557231903076,-0.015865564346313477,9.846842246303342e-07,1727985900750216114
-0.005751907825469971,-0.0005817413330078125,4.816056128250629e-07,1727985900781154770
0.1860303282737732,-0.01302105188369751,0.0024938611819401257,1727985900812727453
-0.6668506264686584,0.8669945001602173,0.0970180666558797,1727985900840235785
0.1558985710144043,0.3678017854690552,0.48565378962738776,1727985900870193204
-0.8116089701652527,1.0210758447647095,0.7394275743804479,1727985900900235643
0.30193620920181274,0.21540993452072144,0.9748260458203409,1727985900930342514
-0.2653626799583435,-0.24976885318756104,1.2396939191648775,1727985900960397851
-0.20141631364822388,0.6272843480110168,1.5302401598526596,1727985900989509140
-0.09484213590621948,0.47029995918273926,1.5506909849363117,1727985901020816912
-0.1039000153541565,0.09491300582885742,1.710609685958599,1727985901053066946
-0.39526110887527466,-0.20846569538116455,2.1836710332843814,1727985901080728640
0.3250308632850647,0.44291484355926514,2.095232288676175,1727985901110786700
-0.0018325448036193848,-0.8069051504135132,2.0611918216316742,1727985901140761117
0.3268798589706421,0.1162257194519043,1.867627779895428,1727985901162836014
-0.3136324882507324,0.05797821283340454,2.114541079553545,1727985901200888591
0.5502602458000183,-0.05038774013519287,1.9520915561142715,1727985901231016051
-0.8124520778656006,-0.5468047857284546,1.87717147652188,1727985901261093002
1.101298213005066,0.2849470376968384,1.741581080635734,1727985901293184487
-1.1634336709976196,-0.4232174754142761,1.8460451208853108,1727985901323892384
0.4710049033164978,0.038905978202819824,2.1312267114818786,1727985901351322965
-0.16929137706756592,0.354941725730896,1.9394763937796433,1727985901381349710
-0.09312289953231812,-0.4298054575920105,1.9252074655792908,1727985901411380476
-0.6417252421379089,-0.6662879586219788,1.904208236762133,1727985901441454762
0.20882707834243774,0.899049699306488,1.9324048683082322,1727985901471567335
-0.7965618968009949,-0.6374111771583557,1.9227203119976914,1727985901501631788
0.29653114080429077,-0.2589092254638672,1.8804296092031605,1727985901532780329
-0.3390752077102661,-0.1902582049369812,1.8250343542583918,1727985901564815316
0.23548203706741333,0.42501235008239746,2.1509165326110056,1727985901591799427
-0.24209314584732056,-0.4964781403541565,1.9281887081869427,1727985901621823159
0.026956796646118164,-0.3890916705131531,1.9029769404120265,1727985901651882552
-0.3820153474807739,0.38421809673309326,1.88360720165797,1727985901681966213
-0.2782873511314392,-0.1761608123779297,1.906890759512505,1727985901712056663
-0.3767494559288025,-0.363290011882782,1.9798758577045923,1727985901741118852
-0.09120625257492065,2.5272369384765625e-05,1.7982299423517063,1727985901773279024
-0.7890046238899231,0.13111835718154907,1.798729236583311,1727985901805224382
0.23117798566818237,-0.36978405714035034,2.0874661995819603,1727985901832332710
-0.616168200969696,-0.13734251260757446,1.8566218738560836,1727985901862385083
0.1858464479446411,0.2623153328895569,1.890769579944646,1727985901892445241
-0.18026500940322876,-0.19341599941253662,1.9713784341510177,1727985901921505242
-0.476895809173584,-0.27213406562805176,1.8259029835531975,1727985901952637262
-0.08408981561660767,0.10979151725769043,1.8968835946514906,1727985901982649461
-0.16643941402435303,0.03952759504318237,1.8932723125442932,1727985902012781373
-0.24684101343154907,-0.5583376884460449,1.8132997991305888,1727985902044776139
-0.490641713142395,-0.010940074920654297,2.044154711719659,1727985902072905966
-0.03490269184112549,0.17519140243530273,1.9393117440509597,1727985902102903052
-0.7179704308509827,-0.19282066822052002,1.941662264768312,1727985902132980754
0.228526771068573,-0.5109410881996155,1.9621570553572343,1727985902163041298
-0.07973635196685791,0.39460253715515137,1.9480001791429982,1727985902193102510
-0.2197703719139099,-0.039702653884887695,1.9127597836572425,1727985902223191464
-0.5487402081489563,-0.654552161693573,1.8998554443735833,1727985902253252346
-0.2056788206100464,-0.19164568185806274,1.7934732309192354,1727985902285017603
0.4220010042190552,0.41148847341537476,1.8648295854279726,1727985902315898595
-0.6445870995521545,-0.364704966545105,2.076760724205681,1727985902343551409
-0.4463895559310913,-0.27417248487472534,1.917438834921339,1727985902373771924
-0.28708434104919434,-0.5623673796653748,1.9327061337286504,1727985902403541047
-0.3541794419288635,0.2885228395462036,1.9458660434103627,1727985902433609730
-0.3238569498062134,0.08328855037689209,1.897535141368306,1727985902464362334
0.264686644077301,-0.30570554733276367,1.9173541414315898,1727985902494393044
-0.839707612991333,-0.22790062427520752,1.8784111049733712,1727985902524872176
0.5398686528205872,0.10035514831542969,1.7654725310327315,1727985902557167928
-0.6402096748352051,0.2365962266921997,2.137917627310568,1727985902584424399
-0.41284775733947754,-0.5769779086112976,1.9340080526627508,1727985902614520842
-0.19652366638183594,0.05735349655151367,1.913078505898768,1727985902644528300
-0.5763671398162842,0.060183703899383545,1.8961180476059973,1727985902674546899
0.620024561882019,0.19116979837417603,2.0093990843906626,1727985902703478035
-0.14514917135238647,-0.4254228472709656,1.9216824545206006,1727985902734292558
-0.31725865602493286,-0.36108601093292236,1.8906050883053571,1727985902764479200
0.001805424690246582,0.3701779246330261,1.7237311872048378,1727985902797100962
-0.7160926461219788,0.06780290603637695,2.0726770471878333,1727985902824538152
0.28587794303894043,-0.40551871061325073,1.951399046771208,1727985902854583471
-0.13544398546218872,-0.0054138898849487305,1.9309495315805856,1727985902884650307
-0.054609477519989014,0.14991778135299683,1.9008416038656526,1727985902914656697
0.05706673860549927,0.278053343296051,1.9224718387041952,1727985902944726086
-0.7019611597061157,-0.5108572840690613,1.9291647145226887,1727985902974812874
-0.3214101195335388,-0.4379309415817261,1.9201635462528286,1727985903004885846
-0.03950643539428711,0.42374056577682495,1.7858589711424788,1727985903037089646
-0.3705757260322571,0.37449347972869873,1.9070642673396205,1727985903067065158
0.06178593635559082,-0.2772831320762634,2.0453774382750605,1727985903095151228
-0.9230177402496338,-0.35742855072021484,1.9284510560172623,1727985903125237946
0.03868681192398071,-0.43678492307662964,1.9778643637098723,1727985903154468806
-0.06242579221725464,-0.041948556900024414,1.8665914326085222,1727985903185257356
-0.8970270156860352,0.40039849281311035,1.8888631204816997,1727985903215332025
-0.015803813934326172,0.07115960121154785,1.9875471071543607,1727985903244476939
-0.8156800270080566,-0.0855177640914917,1.7649670396676176,1727985903277542486
-0.62308669090271,-0.3133656978607178,1.8627877305074154,1727985903308242282
0.26876163482666016,0.15281939506530762,2.0913270700299913,1727985903335622952
-0.904053807258606,0.19041258096694946,1.9306511937070407,1727985903365719198
0.1125296950340271,0.02773195505142212,1.9252306762849252,1727985903395703083
-0.18263143301010132,-0.059780776500701904,1.9045078943144653,1727985903425779804
-0.49424874782562256,-0.13407671451568604,1.9009411221272943,1727985903455839346
-0.21267163753509521,0.3365447521209717,1.9198300463047904,1727985903485941192
-0.41458237171173096,0.08280521631240845,1.8285883672479226,1727985903517338151
0.2936129570007324,-0.2458375096321106,1.7761566369156083,1727985903548971531
-0.6571453809738159,-0.022044479846954346,2.067658205166448,1727985903576201896
0.029507994651794434,0.09680432081222534,2.009299666448106,1727985903605244053
0.24764901399612427,0.5258602499961853,1.89706976965695,1727985903636241299
-0.324421763420105,-0.16341710090637207,1.9399081978320534,1727985903666304570
-0.2633315920829773,-0.20665079355239868,1.9198243819115774,1727985903696400342
0.16604876518249512,-0.23562955856323242,1.968826282029702,1727985903725501485
0.0762326717376709,0.25766509771347046,1.7951693878615818,1727985903757252415
0.07716375589370728,0.36684077978134155,1.7618286116205324,1727985903789441902
-0.9842844605445862,0.0028101205825805664,2.0864961346249777,1727985903816730303
-0.2625303268432617,-0.2853832244873047,1.942044472903285,1727985903846708706
-0.23244601488113403,-0.36549508571624756,1.9337640336750006,1727985903876752554
0.02801281213760376,0.004463255405426025,1.905230570917548,1727985903906835867
0.2163490653038025,0.4280967116355896,1.924495071963179,1727985903936971636
-0.2240949273109436,0.20400464534759521,1.928565510688016,1727985903967100519
-0.0655023455619812,0.3102630376815796,1.9046426093510358,1727985903997124050
-0.21552515029907227,0.08506375551223755,1.7951074918331915,1727985904029075838
-0.0695839524269104,-0.0888282060623169,1.8328414653986995,1727985904059776873
-0.326555073261261,-0.27880728244781494,2.128363069261208,1727985904086347400
-0.37002772092819214,0.11487960815429688,1.8559660009746197,1727985904117347943
-0.023069143295288086,0.3897974491119385,1.89570233754856,1727985904147393680
-0.5156792402267456,-0.02784574031829834,1.910313124976126,1727985904177460558
-0.0687757134437561,-0.15981048345565796,1.9597715010063714,1727985904207561923
0.41897040605545044,-0.2640244960784912,1.9281149085055405,1727985904237974020
-0.28605443239212036,0.031037569046020508,1.8803326175075985,1727985904269203540
0.293218731880188,0.08362126350402832,1.776228008578821,1727985904301629187
-0.2174069881439209,0.04904794692993164,2.170229479857143,1727985904327853769
-0.31588131189346313,0.1860406994819641,1.8986415670709342,1727985904357850256
0.006663978099822998,0.0716177225112915,1.8875164941767768,1727985904387904848
-0.47796767950057983,-0.19397103786468506,1.8990106154467494,1727985904418002175
0.20478087663650513,-0.2045222520828247,1.940382491684126,1727985904448093189
-0.07520347833633423,0.2420964241027832,1.9539532126287742,1727985904478108299
-0.15007716417312622,0.36647480726242065,1.8385369101190783,1727985904509279018
0.04585009813308716,0.0792962908744812,1.8235891191417595,1727985904540974913
-0.2244725227355957,-0.11536353826522827,2.130919066721649,1727985904568371845
-0.13651466369628906,-0.3790205717086792,1.9237448211653558,1727985904598392694
-0.17354726791381836,-0.15185081958770752,1.9650679748278639,1727985904627480891
0.03638660907745361,-0.01671910285949707,1.8203553404480852,1727985904658534440
-0.3319658041000366,0.36207807064056396,1.8998629306427275,1727985904688610145
-0.462116003036499,0.3457745313644409,1.9549839340139576,1727985904718694015
-0.07410132884979248,-0.025781631469726562,1.8721935121899984,1727985904749711496
-0.19552326202392578,0.22922450304031372,1.8420607586186424,1727985904780984863
0.09289461374282837,-0.13523989915847778,2.0521257319397512,1727985904808892850
-0.029246270656585693,-0.2314528226852417,1.8624816180779995,1727985904839646268
-0.4013567566871643,0.2180120348930359,1.8995356884104937,1727985904869560952
-0.07721447944641113,-0.11203473806381226,1.8754507072202509,1727985904899630633
-0.03168654441833496,-0.10700827836990356,1.8981614345491291,1727985904929638929
-0.5597758293151855,0.43048566579818726,1.899641838083647,1727985904959686638
-0.16675740480422974,0.4004454016685486,1.8941950794614963,1727985904989749502
-0.4289599061012268,-0.4889083504676819,1.8315443668440499,1727985905021065409
0.05606776475906372,-0.20745891332626343,1.8493754874043498,1727985905052152303
-0.31513071060180664,0.3672018051147461,2.069748054796073,1727985905079729902
-0.32644087076187134,-0.35832810401916504,1.9104244039458813,1727985905109775601
0.4976998567581177,0.08370566368103027,1.9282567887697333,1727985905139861863
-0.558929443359375,0.3976622223854065,1.9430571967604322,1727985905169756568
0.29880422353744507,0.16292613744735718,1.8735262300820803,1727985905199873815
-0.38903582096099854,0.04742228984832764,1.8576745755552346,1727985905229908031
-0.21023672819137573,0.10491186380386353,1.777295143620631,1727985905261657803
-0.686704695224762,-0.06600004434585571,1.8515550910498493,1727985905292943695
-0.1495712399482727,-0.45776671171188354,2.1806607210125692,1727985905320061965
-0.028520584106445312,-0.2348354458808899,1.9530925747857373,1727985905360052581
-0.5392784476280212,-0.2645399570465088,1.952391379679054,1727985905390127459
-0.30145061016082764,-0.07642871141433716,1.9108236492507795,1727985905421225748
0.382529079914093,-0.011211156845092773,1.8286709508646097,1727985905453363947
-0.12553107738494873,-0.17038631439208984,2.1968360687228854,1727985905479375373
-0.007827460765838623,0.18075162172317505,1.8194955599138214,1727985905510389638
-0.7275182008743286,0.40543079376220703,1.9527040886759954,1727985905539499654
0.1398189663887024,-0.0020387768745422363,1.8143168669458059,1727985905570702478
-0.7278677821159363,0.1557157039642334,1.8965363832030835,1727985905600592310
-0.12037187814712524,0.03704923391342163,1.918581090096905,1727985905630677644
-0.0077103376388549805,0.2442907691001892,1.8800704764100675,1727985905661073518
-0.3296085596084595,-0.025649666786193848,1.7689819926154204,1727985905693311645
-0.2645834684371948,-0.3666797876358032,2.131777527312724,1727985905720925342
-0.47041845321655273,-0.04277080297470093,1.9787043621041758,1727985905750870559
-0.0884600281715393,-0.24262815713882446,1.9234867372081013,1727985905780962300
-0.1494545340538025,0.12499094009399414,1.871687016885033,1727985905811074886
-0.5835460424423218,0.03510993719100952,1.9235777169319495,1727985905841106901
0.23509877920150757,0.3105143904685974,1.9292367104439483,1727985905871205299
-0.14431095123291016,0.18048328161239624,1.8811548690737598,1727985905901520685
-0.11289304494857788,0.33629196882247925,1.7916315469557995,1727985905933021319
-0.9892674684524536,0.2847973108291626,1.863117932238612,1727985905964153195
0.41554778814315796,0.08333384990692139,2.084076493961534,1727985906001426935
-0.22991275787353516,0.248246967792511,1.9276162904658383,1727985906031560346
-0.8661730885505676,0.22972875833511353,1.8985860135421113,1727985906061636522
-0.03730958700180054,0.14705431461334229,1.7826687106928378,1727985906093874085
-0.014461815357208252,0.14330583810806274,1.832250791671972,1727985906125255677
0.03584885597229004,-0.24456477165222168,2.145329329721094,1727985906151879782
-0.9139257669448853,-0.08607786893844604,1.9205389449663943,1727985906181859775
0.09600073099136353,0.05083101987838745,1.9277224883133566,1727985906211875720
-0.07864898443222046,-0.20597994327545166,1.931249123417598,1727985906241981544
-0.05843633413314819,-0.1617702841758728,1.8971690155905734,1727985906272086277
-0.2743261456489563,0.15920919179916382,1.8974289389044319,1727985906302107314
-0.6643896102905273,0.14236021041870117,1.835555860525698,1727985906333328583
-0.03732419013977051,-0.2996103763580322,1.8324184765667222,1727985906365036906
0.2630990147590637,0.20744401216506958,2.117571893095722,1727985906392433191
-0.3142157196998596,-0.1341649889945984,1.9712044109426232,1727985906421395667
-0.4593791961669922,0.15868860483169556,1.8469179526982302,1727985906452410151
-0.6518059968948364,-0.020428895950317383,2.017907755187898,1727985906481498671
0.11396557092666626,0.29023849964141846,1.848111503917579,1727985906512900528
-0.32447952032089233,0.4341699481010437,1.9032535658221672,1727985906542954867
-0.03784620761871338,0.1315852403640747,1.895432790449234,1727985906573319701
-0.7213671803474426,0.3248300552368164,1.8123994725073074,1727985906605541675
-0.24171555042266846,0.4484747648239136,2.110803281387264,1727985906632838789
-0.1587095856666565,0.3685925602912903,1.9227622000801687,1727985906662874393
-0.8231834173202515,-0.01005566120147705,1.938820785805238,1727985906692926659
0.23108994960784912,0.07896238565444946,1.9320051315571316,1727985906723019262
-0.4648125171661377,0.021486937999725342,1.9343116546593044,1727985906753110596
0.09555959701538086,-0.1093856692314148,1.910696291875171,1727985906783177703
-0.344401478767395,0.08427929878234863,1.8959751088705532,1727985906813287932
-0.19280177354812622,0.06335985660552979,1.7663959525349842,1727985906845335256
-0.12090069055557251,-0.09077733755111694,1.8985842908142714,1727985906875651696
-0.31155478954315186,-0.07452845573425293,2.1518534907338998,1727985906902369488
0.1311631202697754,0.13667190074920654,1.872810569128392,1727985906932496002
0.06112551689147949,0.2905174493789673,1.8236635223312905,1727985906963550706
-0.11748039722442627,-0.2851710915565491,1.9029727282005056,1727985906993650189
-0.18287920951843262,0.21112823486328125,1.8856417926047662,1727985907023734841
-0.3976624011993408,0.16198259592056274,1.8594375402448113,1727985907053825918
0.07435262203216553,0.34579265117645264,1.8157331155195091,1727985907085090874
-0.6005196571350098,0.06880927085876465,1.8000170467580139,1727985907117625219
0.5163947343826294,-0.03681212663650513,2.114158333562645,1727985907154759610
-0.0772513747215271,0.2608151435852051,1.9251693068360354,1727985907184786331
0.29440420866012573,0.26245588064193726,1.9051045991225921,1727985907214743019
-0.04798173904418945,0.4958670139312744,1.8528907569946769,1727985907245635448
0.08159446716308594,0.3875429630279541,1.7690862283313749,1727985907277788148
-0.37459200620651245,0.0318683385848999,2.1237199846016663,1727985907304714783
0.2065044641494751,0.21887880563735962,1.8925934155410358,1727985907334780238
0.019028902053833008,0.1801881194114685,1.8795299229446685,1727985907364746888
-0.6356717348098755,0.03726339340209961,1.8687603269568633,1727985907394873955
-0.20808643102645874,0.1356567144393921,1.9271397918088262,1727985907424884383
-0.31115108728408813,0.1791173815727234,1.933995222434423,1727985907454931181
0.2748425602912903,-0.09036487340927124,1.919754363075405,1727985907485213394
-0.25237953662872314,-0.07452714443206787,1.8128627157986796,1727985907517276638
0.045449256896972656,0.22897708415985107,2.03331895727709,1727985907545038828
-0.9095265865325928,0.21484732627868652,1.836519359755406,1727985907575037809
-0.2943871021270752,-0.18327301740646362,1.9001865542770013,1727985907605056978
-0.2110590934753418,0.20406144857406616,1.948322322964708,1727985907635080969
-0.5297670364379883,0.05814903974533081,1.9326482005001437,1727985907665082218
0.8165725469589233,-0.1485452651977539,1.9210496366079344,1727985907695231980
-0.07761800289154053,0.139451801776886,1.9392283909693027,1727985907725266190
0.23392325639724731,0.12442022562026978,1.7475373226786088,1727985907757833839
0.02747666835784912,0.037404656410217285,1.9313250695665873,1727985907787373912
0.051916301250457764,0.2365645170211792,2.0563963137324994,1727985907824420889
-0.36669033765792847,0.7504034638404846,1.8060717302352873,1727985907855509116
-0.2148911952972412,0.2990277409553528,1.841299720047065,1727985907886070455
-0.4886290431022644,0.2919023036956787,1.817546330539645,1727985907917402330
-0.6853124499320984,0.6117417812347412,1.8215961182497662,1727985907948702359
-0.0009621977806091309,-0.0790179967880249,2.127232715422443,1727985907976070309
-0.36604660749435425,-0.309364914894104,1.9706156760003741,1727985908005884769
0.4333841800689697,0.16678130626678467,1.9302119407105267,1727985908035900335
-0.2530878186225891,0.015465259552001953,1.8960903846019164,1727985908065931956
0.08642172813415527,0.10069692134857178,1.8796775208350778,1727985908096028351
-0.6981781125068665,0.22667163610458374,1.8899831486879912,1727985908126125762
0.3910292387008667,0.1607494354248047,1.8323165931363212,1727985908157454820
-0.5708485245704651,-0.06559473276138306,1.8488450290254295,1727985908189208459
-0.13016879558563232,0.14381110668182373,2.1783610784630816,1727985908216337741
-0.0973362922668457,-0.09894251823425293,1.939995465415648,1727985908246386431
-0.41507095098495483,0.31175118684768677,1.6107949048873085,1727985908269937084
0.479092538356781,0.12112903594970703,2.0960307519838612,1727985908305494412
-0.4523993134498596,0.10695213079452515,1.7782852462434582,1727985908336621730
0.15144580602645874,0.3601986765861511,1.8921604842790531,1727985908366956848
-0.40523749589920044,0.09973126649856567,1.9100412798849595,1727985908397865409
0.3212852478027344,0.4944465160369873,1.886679964969987,1727985908429260152
-0.2300018072128296,0.3043075203895569,2.118000493690694,1727985908456865602
-0.10314148664474487,0.42645931243896484,1.9332548143190122,1727985908486853487
0.37295085191726685,0.6801708340644836,1.876744098336297,1727985908517113422
-0.49804699420928955,0.16401010751724243,1.8280951455432446,1727985908547000005
0.05992472171783447,0.27262628078460693,1.8589127356147053,1727985908577106936
-0.6684098839759827,0.49537307024002075,1.93857863923345,1727985908607181692
0.12863028049468994,0.031102418899536133,1.924741306625304,1727985908637394826
-0.6283363699913025,0.10058891773223877,1.8259682642746615,1727985908669635493
-0.17809736728668213,-0.0020793676376342773,1.9413268918627797,1727985908700082888
-0.16581088304519653,0.5390079021453857,2.0881756181677926,1727985908727576499
-0.03324514627456665,-0.18644803762435913,1.8806931885166036,1727985908757559365
-0.4914392828941345,0.3044738173484802,1.8508352904753336,1727985908787729688
-0.14035719633102417,0.36044222116470337,1.8911437293120068,1727985908817684279
-0.20374786853790283,0.0436021089553833,1.9116720715836342,1727985908847735992
0.12707602977752686,0.6084312796592712,1.9338043050347529,1727985908877962820
0.29119211435317993,0.4199172854423523,1.8298618625687126,1727985908909668987
0.07025998830795288,0.6144123673439026,1.8279344743051338,1727985908941192637
-0.08038771152496338,0.5517011880874634,2.1435113428819013,1727985908968039615
-0.4021204710006714,0.534055233001709,1.9141070429565061,1727985908998036328
0.19617396593093872,0.5182583928108215,1.893283083878383,1727985909028115029
-1.0925816297531128,0.13880318403244019,1.8976803231571684,1727985909058149694
-0.04445183277130127,-0.06097942590713501,1.8762684091809811,1727985909088321700
-0.6194749474525452,0.21499353647232056,1.8944578485588273,1727985909118315471
-0.3832241892814636,-0.2519671320915222,1.8372721443902784,1727985909149624832
-0.2696644067764282,0.27166229486465454,1.8122168300715595,1727985909181330968
-0.26503169536590576,-0.15526431798934937,2.125269950585375,1727985909208585716
-0.41709786653518677,-0.2130584716796875,1.9365752480936553,1727985909238604572
-0.6201371550559998,0.3756515383720398,1.9123358904590544,1727985909268672779
0.28309810161590576,0.05310702323913574,1.9239938493515,1727985909298700682
-0.5184290409088135,0.09373211860656738,1.8993467773024486,1727985909328818521
0.6440536975860596,0.2920173406600952,1.8575989291285828,1727985909358864268
-0.5616298317909241,0.7468845248222351,1.8382878494431714,1727985909389259109
0.05573540925979614,0.3630185127258301,1.7334483695625083,1727985909421645145
-1.0129550695419312,0.7824564576148987,2.0772225824407107,1727985909449048344
-0.373663067817688,0.18033790588378906,1.8804867220826524,1727985909479827512
-0.6406729817390442,0.035975098609924316,1.948762733707117,1727985909509930947
-0.19385117292404175,-0.3720328211784363,1.9796008269554624,1727985909539882547
-0.21408724784851074,-0.3108254671096802,1.9712418393483147,1727985909570002883
-0.2688644528388977,0.7601063847541809,1.967663664189104,1727985909599992497
0.047247469425201416,0.7426701784133911,1.9616760027109617,1727985909629919998
0.130462646484375,0.4479931592941284,1.8393466464047525,1727985909661260257
-0.21919763088226318,0.21861815452575684,1.8308716333686341,1727985909692326174
0.04611176252365112,0.24328196048736572,2.012039382205144,1727985909719890833
-0.7794756293296814,-0.03817826509475708,1.8319952143879221,1727985909750035302
-0.45284634828567505,-0.21506494283676147,1.9002622941588012,1727985909779970014
-0.5024019479751587,0.2568213939666748,1.9229140996744807,1727985909810095293
-0.1721658706665039,0.011232316493988037,1.9616054989520662,1727985909840139958
-0.16980236768722534,0.03364628553390503,1.9731441285938356,1727985909870176324
-0.013428449630737305,0.5904226899147034,1.9569111873720189,1727985909900481295
-0.21964222192764282,0.8310181498527527,1.7857295489098293,1727985909933728870
-0.7041349411010742,0.040748000144958496,2.24451175042157,1727985909960297976
0.028629958629608154,0.14440619945526123,1.9748656736666288,1727985909990268779
-0.5376527309417725,-0.07027024030685425,1.9427302058947205,1727985910020285778
0.1567673683166504,-0.3547419309616089,1.9451422179025128,1727985910050356735
-0.4280507564544678,0.127801775932312,1.9419799292021964,1727985910080387936
0.18957620859146118,0.11317497491836548,1.9788909303873445,1727985910109492338
-0.5655841827392578,0.5330532789230347,1.8337303592006795,1727985910141243985
0.2990056872367859,0.8451261520385742,1.8692481012297217,1727985910172499584
-0.8311916589736938,0.6359564065933228,2.099112058601126,1727985910200718440
-0.16563880443572998,0.22465389966964722,2.0128881692767533,1727985910230750423
-0.05039340257644653,0.4512925148010254,2.0035381965206316,1727985910260816665
0.057355642318725586,0.005114078521728516,2.006634557226766,1727985910290885643
0.08598655462265015,-0.12899833917617798,1.9839673839891916,1727985910320965718
0.35496705770492554,0.30597740411758423,1.9015403457635824,1727985910351102920
-0.4495841860771179,0.18550360202789307,1.7979298767012444,1727985910381709866
-0.3651239275932312,0.12741994857788086,1.757941064792085,1727985910413267252
-0.44814735651016235,0.02400451898574829,2.0149643339380163,1727985910441238763
0.09974944591522217,0.026587307453155518,1.9136295273177062,1727985910471332549
-0.04724830389022827,0.6506868600845337,1.916897962441464,1727985910501331151
0.44598108530044556,0.5460127592086792,1.868507879807843,1727985910531397271
-0.28563392162323,0.7048208713531494,1.8783218533028931,1727985910561402381
-0.444680392742157,0.33811163902282715,1.9373460724926952,1727985910590472726
-0.07684266567230225,-0.05764073133468628,1.8063779809546332,1727985910621587351
-0.5973626375198364,-0.18276935815811157,1.7941107381428323,1727985910653272621
0.3070681691169739,0.25238633155822754,1.8287303933917745,1727985910684458957
-0.16935348510742188,0.3356529474258423,2.0763412430220463,1727985910711889510
-0.07867735624313354,0.31045401096343994,1.9103951669163393,1727985910741902661
-0.44219154119491577,0.5750229954719543,1.894307943261056,1727985910772178798
0.1439492106437683,0.21134138107299805,1.924572352571191,1727985910801961532
-0.51581871509552,0.015523254871368408,1.9195894641449445,1727985910832057294
0.1425997018814087,0.35079050064086914,1.91005106979123,1727985910862113921
-0.2849341630935669,0.3620645999908447,1.796628795896979,1727985910893769521
-0.24261778593063354,0.47555387020111084,1.8211798932142895,1727985910925302451
-0.3194471001625061,0.27830904722213745,2.125402218029589,1727985910952342865
-0.03922969102859497,0.39205896854400635,1.9171808949701201,1727985910982422115
-0.5016252994537354,-0.10739374160766602,1.9477897194316334,1727985911012413555
0.51470547914505,-0.1367255449295044,1.9562401236707845,1727985911042465167
-0.37236523628234863,0.26505428552627563,1.9544827535529883,1727985911072562355
0.04063236713409424,0.3800344467163086,2.0045031250289194,1727985911101612484
-0.3856835961341858,0.746841549873352,1.8064178972223648,1727985911133636341
-0.32543766498565674,0.239324688911438,1.8310497864989075,1727985911165349994
0.07608932256698608,0.41623395681381226,2.0994386693191376,1727985911192962466
-0.07505720853805542,0.47627246379852295,1.9275345707546774,1727985911222946383
-0.5102652311325073,0.346500039100647,1.947124539133474,1727985911252950422
0.2576855421066284,0.3163571357727051,1.9492837955109306,1727985911283047467
-0.824637770652771,-0.09104341268539429,1.9328407872973383,1727985911313115214
0.26434969902038574,-0.18442368507385254,1.9561424304008335,1727985911343187070
-0.21769005060195923,0.9738844037055969,1.95632842411802,1727985911373350488
-0.20769810676574707,0.27330857515335083,1.7976414389186723,1727985911405786831
-0.415507972240448,0.29981380701065063,2.1313565724681505,1727985911433418465
-0.09096890687942505,-0.09155148267745972,1.9525749100606848,1727985911463415168
-0.49058347940444946,-0.13704067468643188,1.9416913378256344,1727985911493464700
0.18318116664886475,0.5392167568206787,1.9750640705290594,1727985911523552656
-0.4853008985519409,0.5474231243133545,2.030413790199196,1727985911552640310
0.09840881824493408,0.20973128080368042,1.9304416559575563,1727985911583688001
-0.5665554404258728,0.15098732709884644,1.978231996934233,1727985911613817958
-0.11593067646026611,0.043354809284210205,1.8818114984753913,1727985911645371657
-0.5346720218658447,0.21101802587509155,1.9339351596783934,1727985911676769464
0.23661571741104126,0.4817633628845215,2.2207895483177356,1727985911704007124
-0.7942458391189575,0.16826951503753662,1.9566344517877194,1727985911734030971
0.04314941167831421,-0.02458721399307251,1.9436932584952449,1727985911764080792
-0.501338005065918,0.4964632987976074,1.9332900417248426,1727985911794117899
0.1454426646232605,0.23667341470718384,1.9713856228598445,1727985911824256579
-0.510529637336731,0.11588114500045776,2.0159456872295767,1727985911854308716
0.2990729808807373,0.5730951428413391,1.9443624971543232,1727985911885374734
-0.4575241208076477,-0.24865221977233887,1.8492787758898819,1727985911918156150
0.6712860465049744,0.09005820751190186,2.3609607077560844,1727985911943479192
-0.449787437915802,0.49171966314315796,1.8196141878047556,1727985911974667867
-0.48913413286209106,-0.4484648108482361,1.8415805338910751,1727985912004789330
-0.023758888244628906,0.0838019847869873,1.8824945429357556,1727985912033680824
0.18329906463623047,0.6275007724761963,1.741543534978687,1727985912064748808
-0.12545514106750488,0.37141889333724976,1.8180572561460409,1727985912094838737
-0.2307676076889038,0.2624779939651489,1.7759617244374049,1727985912125735851
-0.7542952299118042,-0.05851989984512329,1.7604839328823012,1727985912157685250
-0.1586046814918518,0.4806209206581116,2.04997929611114,1727985912185382736
0.1614944338798523,0.3797728419303894,1.872494044447974,1727985912215696762
-0.1432403326034546,0.1789231300354004,1.9243049898717857,1727985912245163244
0.28016382455825806,0.3661150336265564,1.8617385051343929,1727985912275223798
-0.10514086484909058,0.2678610682487488,1.8326721390507754,1727985912305520715
-0.005316495895385742,0.054193973541259766,1.8483421447773396,1727985912335380198
-0.3779070973396301,0.6242792010307312,1.7274230677753737,1727985912367204451
-0.05369752645492554,-0.16684263944625854,1.8160316017727398,1727985912397772763
-0.4443998336791992,0.2621002197265625,1.8535184442297146,1727985912427651561
0.09471052885055542,0.44311416149139404,1.9422965415796984,1727985912456436397
-0.6361678838729858,0.3407321572303772,1.9475574674144445,1727985912485699199
-0.29159533977508545,0.6646268963813782,1.9107758240083423,1727985912515714107
-0.440435528755188,0.11216920614242554,1.9039476090715244,1727985912545828850
-0.3479578495025635,-0.13062936067581177,1.9134796711701656,1727985912575875484
-0.1341884732246399,0.5903086066246033,1.896611560146748,1727985912605974338
0.2723602056503296,0.49607372283935547,1.8160039949181621,1727985912637535408
-0.5571683049201965,0.32878196239471436,1.8221867485423988,1727985912668563211
0.37576544284820557,0.18648779392242432,2.0293642079836767,1727985912696155027
-0.5956290364265442,0.254797101020813,1.8652413494623588,1727985912726257815
-0.5225632190704346,-0.012926638126373291,1.8394426656148326,1727985912756311990
-0.46679896116256714,0.3120858669281006,1.7567671724911564,1727985912786556732
-0.027264893054962158,0.3302653431892395,1.8012723060065794,1727985912816423836
-0.2499597668647766,0.7454047203063965,1.8355975386464285,1727985912846462727
-0.44728028774261475,0.22027796506881714,1.7512446922357723,1727985912878003935
-0.22069960832595825,0.4259897470474243,1.7834098398963498,1727985912909777996
-0.4003099203109741,0.24656766653060913,2.1488788894890387,1727985912936641214
0.04963493347167969,0.26111888885498047,1.920537859025728,1727985912966723536
0.07561010122299194,0.9551215171813965,1.898859353160706,1727985912996805955
-0.16248923540115356,0.11314958333969116,1.8517577253742845,1727985913026872979
-0.3496693968772888,-0.19704926013946533,1.8299662514093786,1727985913056946479
-0.2391824722290039,0.48451709747314453,1.7993938053515097,1727985913086976157
0.39734435081481934,0.39767229557037354,1.756304332294928,1727985913117637138
0.19119399785995483,0.5153776407241821,1.7284618845069195,1727985913149794137
-0.3748779892921448,0.20155709981918335,2.023451748873144,1727985913177260701
-0.4773936867713928,0.012760043144226074,1.8435031420467731,1727985913207252371
-0.3099318742752075,0.3414667248725891,1.8440683905773299,1727985913237346859
0.12406045198440552,0.5665802359580994,1.8510892397973708,1727985913267429233
-0.1188209056854248,0.43157708644866943,1.8508377330285717,1727985913297460823
0.022284209728240967,0.008390307426452637,1.8313716997399656,1727985913327512035
0.3924483060836792,0.26058775186538696,1.8021915755338636,1727985913357816882
-0.339272141456604,0.33972930908203125,1.6981022160285282,1727985913389922430
0.3322935104370117,0.34789425134658813,1.7487667648008705,1727985913420294363
-0.28802359104156494,0.5324348211288452,1.913949335752416,1727985913447883986
-0.31915104389190674,-0.10384273529052734,1.7753850392207535,1727985913477905792
-0.2635040283203125,0.3163769245147705,1.8123807541027008,1727985913507981101
-0.10012149810791016,0.8060420751571655,1.8424221880391882,1727985913538004810
-0.06926757097244263,0.5697855949401855,1.8318168732080922,1727985913568144976
0.2644160985946655,0.1994064450263977,1.8106824174469685,1727985913598354983
-0.4653264880180359,0.30796873569488525,1.747477092459824,1727985913629742919
0.22948557138442993,0.5309751629829407,1.7158525207063158,1727985913661027298
-0.6414941549301147,0.22154676914215088,1.9411924215298202,1727985913688436261
-0.030231773853302002,0.1496015191078186,1.8014141987683827,1727985913718435942
-0.5821553468704224,0.5300396084785461,1.9108245194658107,1727985913747511602
-0.30500608682632446,0.5364850759506226,1.8184711272739613,1727985913778531961
-0.49854838848114014,0.08011394739151001,1.8633381798574238,1727985913808580233
0.306307852268219,0.35316330194473267,1.79382856355542,1727985913838703693
-0.49230122566223145,-0.0404166579246521,1.7133029663496173,1727985913869759523
0.477228045463562,0.3818383812904358,1.6421529024939012,1727985913901879683
-0.08021765947341919,0.8742163777351379,1.9172042739653647,1727985913928958014
-0.25768983364105225,-0.03144258260726929,1.724998437715805,1727985913959084086
-0.5668892860412598,0.1512995958328247,1.7812985205662717,1727985913988968060
-0.1884257197380066,0.5174369812011719,1.7990837753227968,1727985914019035766
-0.34390538930892944,0.3874130845069885,1.8182500626700073,1727985914049105962
-0.13669633865356445,0.4807965159416199,1.7992485257638675,1727985914079209703
-0.2974802255630493,-0.13642001152038574,1.7617838281676066,1727985914109549904
0.15484297275543213,0.3128631114959717,1.6384681409534445,1727985914141615430
-0.23306763172149658,0.5487678647041321,1.8419509029126007,1727985914169421293
-0.09520536661148071,0.4200170636177063,1.7004964242347032,1727985914200041651
-0.48222315311431885,0.5099182724952698,1.7447993257543273,1727985914230145292
0.07223939895629883,0.02060866355895996,1.7653930573937548,1727985914260156447
-0.48744845390319824,0.19352388381958008,1.7914592159879288,1727985914290133167
0.12014269828796387,0.8097479343414307,1.753194787105779,1727985914320441290
-0.29930227994918823,0.07548177242279053,1.755205450554273,1727985914350296018
0.04362839460372925,0.43743109703063965,1.6306612078283313,1727985914381911349
-0.13035225868225098,0.9186130166053772,1.663582096094224,1727985914412662301
-0.2183935046195984,0.19077807664871216,1.93661887897051,1727985914439503233
-0.26891034841537476,0.23041749000549316,1.70498643354954,1727985914470252109
0.14387673139572144,-0.02851027250289917,1.762899889011346,1727985914500292242
-0.02959465980529785,0.11943966150283813,1.7851463526222096,1727985914530347774
0.31406480073928833,0.7976387143135071,1.7689525223770985,1727985914560398362
-0.14598554372787476,0.21543508768081665,1.7541181856190513,1727985914590427709
-0.2637178897857666,0.020702064037322998,1.6889042929702702,1727985914621617395
0.017306089401245117,-0.00977259874343872,1.6087023620245757,1727985914653665777
0.0027406811714172363,0.2535208463668823,1.9127344474212344,1727985914680546477
0.02373749017715454,0.6294412612915039,1.7013099473661402,1727985914710592735
0.2506144046783447,0.1533229947090149,1.697450138854165,1727985914740603978
0.017985820770263672,-0.02179276943206787,1.7137077124647735,1727985914770693506
0.001732468605041504,0.7258405089378357,1.7143591806928504,1727985914800715517
-0.23669815063476562,0.22925281524658203,1.6958269184788208,1727985914831193793
-0.3580033779144287,0.39248889684677124,1.689340573749713,1727985914862262270
0.16639232635498047,-0.16762632131576538,1.6542863483743224,1727985914893531887
0.16077548265457153,0.09039092063903809,1.8783606601816043,1727985914921090672
0.2297413945198059,0.8426342606544495,1.7013322752107432,1727985914951048957
0.393573522567749,0.3580418825149536,1.69697885665401,1727985914981136392
-0.23284804821014404,0.13595199584960938,1.7079866180587706,1727985915011425896
-0.21385836601257324,0.2880150079727173,1.7537941057444852,1727985915041264843
0.22675877809524536,0.25903427600860596,1.7514606951178924,1727985915071392181
-0.18390583992004395,0.45472729206085205,1.7221596987044339,1727985915101521021
0.40433943271636963,0.33364081382751465,1.5805062386343673,1727985915133519611
-0.1774035096168518,0.08741593360900879,1.6583565896369317,1727985915164259463
-0.5667881965637207,-0.1325005292892456,1.8383010619599316,1727985915192120614
-0.22209936380386353,0.26806461811065674,1.714891249669829,1727985915221876792
-0.28431540727615356,0.4284958839416504,1.6816777234805929,1727985915251752421
0.2997783422470093,0.2851482033729553,1.6383284109930532,1727985915281834179
-0.11108273267745972,0.18958866596221924,1.6555508683200801,1727985915311989312
-0.45359939336776733,0.5794763565063477,1.6910188714025804,1727985915341974881
0.04990023374557495,-0.040738046169281006,1.6005327166352192,1727985915373968270
-0.5058009028434753,-0.0041179656982421875,1.6186461892281025,1727985915405675328
-0.10507339239120483,0.3134424686431885,1.902865349734057,1727985915432195706
-0.24122506380081177,0.47441738843917847,1.6592822554124675,1727985915462240232
-0.3828117251396179,0.44703513383865356,1.6621082729938896,1727985915492272393
-0.3795486092567444,0.05680578947067261,1.6664315418914348,1727985915522355396
0.04348325729370117,0.2217124104499817,1.662712185700455,1727985915552415060
-0.3771944046020508,0.32214343547821045,1.6835328485452141,1727985915582568642
0.3776313066482544,0.3834337592124939,1.645714372980288,1727985915613873891
-0.6452422738075256,0.3229612708091736,1.6257326201465019,1727985915645682005
-0.11347454786300659,0.0382196307182312,1.8890763492277811,1727985915672708795
-0.023311853408813477,0.3173782229423523,1.6585726712368887,1727985915702710937
-0.37312793731689453,0.2955954074859619,1.6249951648109646,1727985915732813197
-0.38724786043167114,0.1406884789466858,1.6383613451455579,1727985915762860655
0.2739357352256775,0.5556036233901978,1.6365025974118155,1727985915792987336
-0.3258337378501892,0.05819427967071533,1.6431520656512508,1727985915823086551
0.40996766090393066,0.1813194751739502,1.6000405977995114,1727985915853918979
-1.001174807548523,0.8122491240501404,1.545013673648339,1727985915886038085
-0.17054516077041626,0.0762937068939209,1.856638493211205,1727985915913293428
-0.30564695596694946,0.3305206894874573,1.687841112055884,1727985915943226318
0.1252773404121399,0.07805293798446655,1.6399272297116503,1727985915973409664
-0.3560318350791931,0.21591651439666748,1.613419274168923,1727985916003554679
-0.7282619476318359,0.06586658954620361,1.7085066984705926,1727985916032493109
-0.23401379585266113,0.4466349482536316,1.6471227832169144,1727985916063565789
0.5606375932693481,0.43823009729385376,1.7382201816072609,1727985916093597939
-0.1136738657951355,0.21192419528961182,1.5894594356713088,1727985916125593972
-0.05996227264404297,0.15209954977035522,1.7408986460887719,1727985916153779257
-0.10181891918182373,0.7113828659057617,1.6267273706456769,1727985916183762189
-0.2442934513092041,0.42745864391326904,1.6396918073297626,1727985916213916596
-0.2247961163520813,-0.1459519863128662,1.6341765901941019,1727985916243943160
0.15642672777175903,0.47242027521133423,1.575236519292432,1727985916274219133
-0.4748121500015259,-0.023548543453216553,1.5908914926555235,1727985916304100926
0.1778373122215271,0.31447339057922363,1.612935566807895,1727985916334330989
0.004565596580505371,0.75467449426651,1.5811166813740705,1727985916365639126
0.0624467134475708,0.18693840503692627,1.587664969144309,1727985916396666291
-0.2895737290382385,0.4948270916938782,1.7677341065515302,1727985916424381012
-0.5434935688972473,0.0970311164855957,1.6491204089682772,1727985916454430703
-0.1990991234779358,0.049800753593444824,1.6452974247485967,1727985916485119515
-0.24324262142181396,0.6250826716423035,1.668410018672204,1727985916515146541
-0.4906504154205322,0.27846938371658325,1.6184086746792576,1727985916545140190
-0.35947495698928833,0.19186395406723022,1.609458543552084,1727985916575270540
-0.3075711727142334,0.3294525146484375,1.6093594821107453,1727985916605656105
0.3230922222137451,0.35951530933380127,1.5268447580470184,1727985916637969211
0.09949779510498047,0.24767214059829712,1.777578166358111,1727985916665281195
-0.26683539152145386,0.1483381986618042,1.5698788310833718,1727985916695271985
-0.3490403890609741,0.3385266661643982,1.6068449474615913,1727985916725290869
-0.24964535236358643,0.6657106280326843,1.6174154457011534,1727985916755373517
0.29950791597366333,0.2751063108444214,1.597848026746327,1727985916785393500
-0.3535643219947815,0.16202163696289062,1.5712033860328527,1727985916815584805
-0.23338454961776733,0.46913576126098633,1.544563709872017,1727985916846189792
0.03150683641433716,0.44343316555023193,1.4975243383393375,1727985916878345821
0.22577840089797974,0.8096933364868164,1.7574915522534849,1727985916905629300
-0.7682976722717285,-0.09300071001052856,1.594947997639093,1727985916935523041
-0.33573246002197266,0.0623360276222229,1.6291252560134484,1727985916965536847
-0.04840368032455444,0.8029940724372864,1.6363191663883345,1727985916995544179
0.4809421896934509,0.44416898488998413,1.6223574418327467,1727985917025627096
-0.6007349491119385,0.2916368246078491,1.6066515301369122,1727985917055656682
0.05461019277572632,0.22099226713180542,1.5590491322525177,1727985917086099323
-0.493194043636322,0.3856876492500305,1.5099601991432918,1727985917117964394
0.6511927247047424,0.3005658984184265,1.6994093603901597,1727985917145943349
-0.2824750542640686,0.16342151165008545,1.5310570924193736,1727985917176025618
-0.3314017057418823,0.5111767053604126,1.5437432212233622,1727985917206118907
-0.5174370408058167,0.28879016637802124,1.5870789542694388,1727985917236096336
0.586755633354187,0.13067448139190674,1.5910323504164474,1727985917266156956
-0.5639481544494629,0.6821465492248535,1.5819135348571054,1727985917296211886
-0.025154590606689453,0.20214396715164185,1.5351344081011304,1727985917326338532
-0.4524960517883301,0.34695059061050415,1.4524482418528228,1727985917358375480
-0.1994742751121521,0.04294788837432861,1.499272897717119,1727985917389748741
0.10957491397857666,0.5888357162475586,1.7592244172319793,1727985917416571848
0.024376094341278076,0.97725510597229,1.5954218387001438,1727985917446606026
-0.26719987392425537,0.2709154486656189,1.6003824127440256,1727985917476630294
0.47665590047836304,0.030155539512634277,1.5753168191468863,1727985917506682410
-0.4838540554046631,0.3483220934867859,1.541871919718759,1727985917536727270
0.267400860786438,0.6197787523269653,1.4987077045736241,1727985917566891611
-0.5731557607650757,-0.12760436534881592,1.4377877836381479,1727985917598639640
-0.16359823942184448,0.5031371116638184,1.475386089744653,1727985917630019217
-0.003466486930847168,0.5229861736297607,1.7726886368157797,1727985917656066905
-0.3023902177810669,0.1315903663635254,1.5113854144272356,1727985917687115838
-0.4363422393798828,0.13066238164901733,1.5995395725036448,1727985917717153926
0.415729284286499,0.5883747935295105,1.5841762728051745,1727985917747227576
-0.4691500663757324,0.47276872396469116,1.54232762833477,1727985917777284099
0.5487512350082397,0.09897536039352417,1.5339611890863982,1727985917807376563
-0.10627669095993042,0.34611618518829346,1.5329707081208253,1727985917837970274
-0.31096476316452026,0.2258703112602234,1.4399344673135737,1727985917870014377
-0.05355197191238403,0.24692022800445557,1.6658048233836593,1727985917897685191
-0.01674121618270874,0.35049283504486084,1.5524408082192218,1727985917927654666
0.1410810947418213,0.5232443809509277,1.5534812368358155,1727985917957668545
-0.17216402292251587,0.4251755475997925,1.5361315264772208,1727985917987781788
-0.537082850933075,-0.10947579145431519,1.531661552105871,1727985918017779796
0.14345794916152954,0.3307804465293884,1.5204732570778503,1727985918047922445
-0.11147689819335938,0.47056710720062256,1.5252929501813322,1727985918078359072
-0.21182221174240112,0.4088759422302246,1.5079844799658833,1727985918109277190
0.389850378036499,0.6157016754150391,1.4629743714917245,1727985918140863586
-0.32468700408935547,0.18865132331848145,1.6434614072197675,1727985918168667505
-0.3055204153060913,0.23028147220611572,1.5418589434535226,1727985918198217481
0.4437099099159241,0.46901941299438477,1.328740188870011,1727985918221433227
-0.11810719966888428,0.014352560043334961,1.652167031021803,1727985918258583737
0.19697695970535278,0.3705061078071594,1.514673889110253,1727985918288447927
-0.31750696897506714,0.26989907026290894,1.5265523157120362,1727985918318545035
0.05057942867279053,0.3412216305732727,1.459647997885055,1727985918349813702
-0.19374197721481323,0.9118543267250061,1.3913609337260646,1727985918381808014
-0.1631922721862793,0.2844024896621704,1.692819426079115,1727985918408840970
0.4944731593132019,0.495347797870636,1.571720772488388,1727985918438789391
-0.045494914054870605,0.6671960949897766,1.5624275618079189,1727985918468802515
-0.4064568281173706,0.06702762842178345,1.5349273487149433,1727985918498823973
-0.016871869564056396,0.2608265280723572,1.5607352997706414,1727985918528962069
0.09082412719726562,0.4494643211364746,1.53179364572457,1727985918559029270
-0.128451406955719,0.30376696586608887,1.4962170558391923,1727985918588814073
-0.01934260129928589,0.44663482904434204,1.3215330402442211,1727985918622322719
-0.462396502494812,0.10054171085357666,1.6542026373997532,1727985918649268071
0.02174687385559082,0.14659518003463745,1.4935032256146374,1727985918679230036
-0.41461342573165894,0.7169028520584106,1.501006990223973,1727985918709391392
0.14854812622070312,0.06153601408004761,1.5300334295782883,1727985918739431630
-0.1775580644607544,0.38604992628097534,1.5807614971759534,1727985918768536438
0.042147815227508545,0.12829607725143433,1.4458773631215025,1727985918799917266
-0.15427106618881226,0.3906596302986145,1.5111749549973803,1727985918830331043
0.22360825538635254,0.9392573833465576,1.416751875826751,1727985918862138551
-0.5897622108459473,0.1404551863670349,1.4744411565910498,1727985918891676335
-0.1413130760192871,-0.1280929446220398,1.5625707003320244,1727985918920365406
-0.33571380376815796,0.27709490060806274,1.5288972769480709,1727985918950390388
0.29844361543655396,0.3227560520172119,1.4895539794281318,1727985918980407957
-0.3405711054801941,0.34541618824005127,1.4943831137500223,1727985919010382833
0.3606475591659546,0.3655068278312683,1.4900968228364504,1727985919040422152
-0.7617965340614319,0.1450212597846985,1.549226448985074,1727985919069474515
-0.17163342237472534,0.0394708514213562,1.4078381833458515,1727985919101870865
-0.29649174213409424,0.4811515808105469,1.4505297747930987,1727985919133334830
-0.16142964363098145,0.35704296827316284,1.6736046249398293,1727985919160633896
-0.0305824875831604,0.6101463437080383,1.5040696537229057,1727985919190891076
0.09513866901397705,0.12205654382705688,1.4780911470728983,1727985919220810508
0.11942511796951294,0.24166405200958252,1.4637039584957376,1727985919250777276
-0.24293577671051025,0.13754016160964966,1.4397962987691637,1727985919280744382
0.003619074821472168,-0.0643606185913086,1.4679370503748195,1727985919310729088
0.0007783174514770508,0.5797443985939026,1.448078794708629,1727985919341768190
0.15558385848999023,0.5995696783065796,1.3907459543790823,1727985919374023737
-0.17392003536224365,0.32304084300994873,1.6668135589073982,1727985919400891797
-0.581074595451355,-0.1311025619506836,1.4825197441548488,1727985919430923137
0.28824383020401,0.17667824029922485,1.480300587696359,1727985919460959761
-0.18487346172332764,0.6567009687423706,1.485230859049115,1727985919491044319
0.4944341778755188,0.2295752763748169,1.4562525032124158,1727985919521163034
-0.14459329843521118,0.14874601364135742,1.4254613640004639,1727985919551203536
-0.4638170003890991,0.14702677726745605,1.378496501068693,1727985919582222214
0.482749342918396,0.36217182874679565,1.3525352763969316,1727985919613798375
-0.5963597893714905,0.425134539604187,1.5716181456712703,1727985919641431672
-0.1419311761856079,0.003472447395324707,1.5304929368864335,1727985919670489326
0.12103867530822754,0.3327047824859619,1.4274642943723073,1727985919701530252
-0.17329466342926025,0.08958226442337036,1.454552488377211,1727985919731585373
0.27309513092041016,0.2731122374534607,1.4421664148719922,1727985919761654035
-0.03147155046463013,0.6602438688278198,1.4424676480728869,1727985919791715692
-0.37901878356933594,-0.07804250717163086,1.4383491907983055,1727985919821813405
0.24649983644485474,0.29082244634628296,1.3450647668944742,1727985919853830930
-0.26887983083724976,0.26755326986312866,1.4582356119876874,1727985919883925398
-0.06639301776885986,0.2806735038757324,1.5428176101878546,1727985919911934816
-0.3802059292793274,0.558269739151001,1.4095353027156137,1727985919942087097
-0.11585777997970581,-0.19447022676467896,1.4312282798253007,1727985919972419221
-0.15897417068481445,0.7774513363838196,1.4501332671897078,1727985920002311602
-0.26227492094039917,0.3433380126953125,1.4467651141670237,1727985920032195987
-0.48391222953796387,-0.07726061344146729,1.4482637196316468,1727985920062309418
0.31892693042755127,0.6110743284225464,1.4102042267356856,1727985920093489336
-0.6020777821540833,0.29484307765960693,1.4074672222719289,1727985920125186485
0.28502488136291504,-0.0469280481338501,1.6037480234966925,1727985920152564874
-0.15091925859451294,0.6180456876754761,1.4249634452939124,1727985920182607664
-0.1388462781906128,-0.09393942356109619,1.420275503739668,1727985920212629484
-0.035284340381622314,0.3300749659538269,1.3968023713156847,1727985920242707885
-0.2060515284538269,0.830500066280365,1.3934189347536112,1727985920272772454
-0.5939177870750427,-0.03257465362548828,1.4377458773233374,1727985920302818357
0.1550772786140442,0.321494460105896,1.4085541028512898,1727985920333841539
-0.5558210611343384,0.05223637819290161,1.3685561531062544,1727985920365834884
0.5990815162658691,0.15117132663726807,1.6247753263690843,1727985920393098526
-0.07550889253616333,0.7634735703468323,1.440405449470184,1727985920423100655
-0.14209800958633423,0.2346973419189453,1.4447707823548794,1727985920452163602
-0.2932811379432678,0.25518476963043213,1.3625530916847466,1727985920483226897
-0.28878188133239746,0.2195272445678711,1.3927807978850133,1727985920513312944
-0.5142940878868103,0.20228171348571777,1.424327055643311,1727985920543311431
0.07507354021072388,0.5401325821876526,1.4331372314976794,1727985920573855681
-0.017479002475738525,0.10838812589645386,1.3247613136940573,1727985920606280134
0.12224286794662476,0.17272990942001343,1.580285665140755,1727985920633702284
0.1888948678970337,0.8166985511779785,1.4390432026761089,1727985920663650332
-0.2576029300689697,0.006366312503814697,1.3855399867236156,1727985920693702211
-0.2723913788795471,0.44125187397003174,1.3949943965049614,1727985920723765096
-0.11481505632400513,0.11836880445480347,1.4044252614844115,1727985920753790470
-0.392453134059906,0.20845097303390503,1.361101819277585,1727985920783963409
-0.30216270685195923,0.6760900020599365,1.3925548814254267,1727985920814230054
-0.515268087387085,-0.04632604122161865,1.3262631822989315,1727985920845869222
-0.15252685546875,0.01871514320373535,1.4092320539123446,1727985920876081604
0.36371558904647827,0.7507624626159668,1.5761581509514146,1727985920904165326
-0.24389076232910156,0.3984447121620178,1.4518880928775242,1727985920934253836
-0.12129372358322144,0.30954480171203613,1.4223619475376357,1727985920964265346
-0.2616869807243347,0.3493282198905945,1.4006398431234868,1727985920994429679
-0.14936202764511108,0.17594558000564575,1.3690183698689498,1727985921024450841
-0.6927772760391235,0.336647629737854,1.335968535102901,1727985921054562896
-0.051225900650024414,0.28489983081817627,1.2870020785896248,1727985921085956049
-0.2868088483810425,0.36746352910995483,1.3273161738429688,1727985921117470313
0.021984219551086426,0.548668622970581,1.5299109302199236,1727985921144885809
-0.4122048616409302,0.0369381308555603,1.4203679735152086,1727985921174780886
-0.27668988704681396,0.7871218919754028,1.4278647138889002,1727985921204796497
-0.2907182574272156,0.1009252667427063,1.4081403708538272,1727985921234876318
0.0985097885131836,0.07558077573776245,1.3784394378869127,1727985921265117821
-0.5822166204452515,0.4562390446662903,1.3671477626253978,1727985921295199259
0.3998345732688904,0.5251860022544861,1.3441316675447843,1727985921325496832
-0.34662866592407227,0.6524414420127869,1.2819558812038703,1727985921358129833
-0.2268090844154358,0.4639526605606079,1.5874539960673024,1727985921384325043
-0.17431211471557617,0.04002922773361206,1.361423105566259,1727985921415244871
-0.19267582893371582,0.44132888317108154,1.401153718504877,1727985921445308417
0.03260242938995361,0.5918095707893372,1.387318467526254,1727985921475439014
-0.025928258895874023,0.18753916025161743,1.4403775426815362,1727985921504477996
-0.6457191705703735,0.23181217908859253,1.3410102409779878,1727985921535571326
0.5517300963401794,0.5586811304092407,1.3242679558142014,1727985921566379910
-0.051875531673431396,0.4135012626647949,1.2775791432092227,1727985921598119260
-0.0869520902633667,0.384709894657135,1.4619549366698188,1727985921625773643
0.07477205991744995,0.06933170557022095,1.3628760161469409,1727985921655789668
-0.6083104610443115,0.5504845380783081,1.375991313228984,1727985921685839985
0.7705222368240356,0.26275181770324707,1.3865650770393632,1727985921715912564
-0.39266252517700195,0.5332460403442383,1.3795804082248972,1727985921745993317
-0.16556698083877563,-0.020702719688415527,1.3571991757144384,1727985921776090700
0.42723679542541504,0.40820372104644775,1.36168809709584,1727985921806193470
-0.03831303119659424,0.7663912773132324,1.3011070020064623,1727985921837180091
0.1387738585472107,0.45932215452194214,1.2779119060224764,1727985921868821594
-0.43673211336135864,0.3284980058670044,1.4629215207442297,1727985921896373697
-0.27983027696609497,-0.03636080026626587,1.3634621006742145,1727985921926419538
0.8896635174751282,0.6039971709251404,1.3967369148846205,1727985921956458304
-0.5671404004096985,0.4168013334274292,1.4263848261554208,1727985921985500155
0.10897672176361084,0.21885061264038086,1.3223091927130628,1727985922016738848
0.00010609626770019531,0.6999325752258301,1.3444168182949148,1727985922046740726
-0.02639228105545044,0.18591636419296265,1.2526275474873796,1727985922078513601
0.008482575416564941,0.12821859121322632,1.2708154091504413,1727985922110238648
-0.08607107400894165,0.8009017109870911,1.4841364473640688,1727985922136891011
-0.32878702878952026,-0.04809302091598511,1.3591806981044439,1727985922166882274
0.028666317462921143,0.3337317705154419,1.3559936539125181,1727985922197008975
-0.5710733532905579,0.48576200008392334,1.379727524004064,1727985922227045105
0.3952620029449463,0.3898276686668396,1.3937701183317432,1727985922257114097
-0.26701414585113525,0.7139154672622681,1.3437022473545368,1727985922287238795
0.11468505859375,-0.20252686738967896,1.330011829339208,1727985922317397858
-0.32566553354263306,-0.007585048675537109,1.2301686153511515,1727985922350013537
0.12014257907867432,0.8386324048042297,1.4297511265619367,1727985922377528714
-0.3276247978210449,-0.02280038595199585,1.3413984655570617,1727985922407579616
0.3958503007888794,0.3813820481300354,1.4161028604731007,1727985922436507343
0.26818037033081055,0.501095712184906,1.3430271173465105,1727985922467650191
0.0914342999458313,0.3161435127258301,1.3928435822560539,1727985922497670606
0.27622246742248535,0.47377002239227295,1.3552193715123657,1727985922527760051
-0.05702817440032959,0.16285723447799683,1.3116425552320168,1727985922558618402
-0.08645457029342651,0.29488664865493774,1.2461161979349102,1727985922590831535
0.13420170545578003,0.6953939199447632,1.4535315876270873,1727985922618045941
0.1584879755973816,-0.1270572543144226,1.3240113439177124,1727985922647984191
0.07774567604064941,0.4802789092063904,1.3360918982718402,1727985922678074071
-0.008666813373565674,0.0034837722778320312,1.3369084576730272,1727985922708146573
-0.16308528184890747,0.2889289855957031,1.3370285497385104,1727985922738180292
0.7336066961288452,1.0120511054992676,1.342394506911864,1727985922768275452
-0.36969828605651855,0.021310091018676758,1.3710158098389849,1727985922797330664
-0.04325592517852783,-0.1479840874671936,1.209467077278129,1727985922830259064
-0.05252110958099365,0.40112316608428955,1.2935058011413276,1727985922861113145
0.07852566242218018,0.5754443407058716,1.4458630524743656,1727985922888583729
-0.6202646493911743,0.28698891401290894,1.340247686143836,1727985922918615744
0.05740994215011597,0.03885340690612793,1.30729818452222,1727985922948669432
-0.22582781314849854,0.12063121795654297,1.2845253482862287,1727985922978715044
0.1905420422554016,0.3114200830459595,1.3019116029993218,1727985923008800677
-0.18272340297698975,0.35664045810699463,1.3071942090051327,1727985923038844524
-0.0723077654838562,0.2758655548095703,1.25543143550949,1727985923070328145
-0.48641693592071533,0.20513242483139038,1.2099514062775023,1727985923102682824
0.3144899606704712,0.05594581365585327,1.4924686189583025,1727985923129129302
-0.589913010597229,0.5472733974456787,1.332160192045895,1727985923159174708
-0.039768755435943604,0.13290119171142578,1.3104442828940934,1727985923189307493
0.0058882832527160645,0.2031307816505432,1.3551181554882774,1727985923218347772
0.13586151599884033,0.8282326459884644,1.2520649821221124,1727985923249276773
0.15691334009170532,0.10191214084625244,1.351137249057077,1727985923278355401
-0.7224515080451965,-0.005723834037780762,1.2364032518849937,1727985923310124707
0.4592919945716858,0.34973061084747314,1.2164891404026228,1727985923342331818
-0.45765167474746704,0.4850051999092102,1.4390509797832542,1727985923369672259
-0.037473201751708984,0.25992709398269653,1.336945655325763,1727985923399754900
0.1225023865699768,0.36565643548965454,1.3469102717371846,1727985923429756960
-0.36229318380355835,-0.026223182678222656,1.309608517932913,1727985923459793980
0.49485427141189575,0.2162914276123047,1.311336968828111,1727985923489818408
0.26025354862213135,0.3819628953933716,1.2525579794125223,1727985923520584720
0.0315060019493103,0.12521564960479736,1.2707893115652786,1727985923550808605
0.04876577854156494,0.23695063591003418,1.2343444148255067,1727985923581994048
-0.6501799821853638,0.20143866539001465,1.2777129072360216,1727985923612164332
0.02059692144393921,0.19328802824020386,1.4037088315382298,1727985923640720473
-0.2829086184501648,0.3003935217857361,1.3218771786476997,1727985923670722716
0.4567617177963257,0.5024559497833252,1.3248529489094045,1727985923700699290
-0.9384440779685974,-0.213087797164917,1.2998113051899551,1727985923730741162
0.5774756073951721,0.1378280520439148,1.284531369985687,1727985923760865206
-0.4421238303184509,0.6866125464439392,1.295614827612895,1727985923790831675
0.3069614768028259,0.40435999631881714,1.2427162118809245,1727985923822011987
-0.6995293498039246,0.36766159534454346,1.2331040489254845,1727985923854116150
-0.48496758937835693,-0.3156377673149109,1.5159840751668552,1727985923880884512
0.21306806802749634,0.3372040390968323,1.36209093856662,1727985923910923034
-0.1922406554222107,0.6104320287704468,1.3385934492858536,1727985923940948030
0.07915526628494263,0.06386584043502808,1.3308293712355412,1727985923971057461
-0.12298262119293213,0.4019492268562317,1.2934520583335516,1727985924001226268
0.3680148720741272,0.23068994283676147,1.2595619079300016,1727985924031100214
-0.32521265745162964,0.10755038261413574,1.2010450879634267,1727985924062521430
0.2527075409889221,0.42262762784957886,1.2019140427061226,1727985924093508280
-0.3940321207046509,-0.011094331741333008,1.3725551242363936,1727985924121291758
-0.024026572704315186,0.12133121490478516,1.2704268822840288,1727985924151570807
-0.012363195419311523,0.9274119734764099,1.3017078865236675,1727985924181320660
-0.5637228488922119,-0.023278117179870605,1.3045988750642714,1727985924211390115
-0.0874488353729248,-0.06820905208587646,1.2598980059266962,1727985924241613438
0.1953485608100891,0.1978335976600647,1.236166959810018,1727985924271659310
-0.6676145792007446,0.3244962692260742,1.2321862109705704,1727985924302354156
0.2995479106903076,0.5022017359733582,1.2058751919043376,1727985924334200427
-0.45641767978668213,0.1419956088066101,1.4173139701151156,1727985924361875815
0.12818294763565063,0.15735960006713867,1.2838321355480713,1727985924391823338
-0.24381142854690552,0.2388860583305359,1.2656822690417817,1727985924421918098
-0.26276278495788574,0.2075156569480896,1.2345946813362478,1727985924451906971
-0.18410277366638184,0.6640141606330872,1.210518017379525,1727985924481972746
-0.4358259439468384,0.12494957447052002,1.2090202240270023,1727985924512198910
-0.5246617197990417,0.03152090311050415,1.255404928975678,1727985924542181477
0.15168678760528564,0.7907512187957764,1.1540831174943562,1727985924575014431
-0.17422890663146973,-0.01573413610458374,1.2993908840387784,1727985924604571798
-0.12876158952713013,0.48298949003219604,1.3705759584114072,1727985924632344395
-0.16946154832839966,0.040863633155822754,1.2517829018567723,1727985924662371008
-0.40202629566192627,0.22416579723358154,1.242581516551752,1727985924692426804
0.13447481393814087,0.9031650424003601,1.3152160236872914,1727985924721489028
-0.264825701713562,0.180694580078125,1.218363368282134,1727985924752621225
-0.28882861137390137,-0.12455511093139648,1.2582482148350131,1727985924782770299
-0.18027633428573608,0.6286620497703552,1.2040800784673589,1727985924814267718
0.2155817151069641,0.2649012804031372,1.2092122094307418,1727985924845681321
-0.11600762605667114,0.6420259475708008,1.354539566810317,1727985924882868621
0.23938482999801636,-0.04318445920944214,1.2387946541747061,1727985924913011131
-0.7866904735565186,0.12445145845413208,1.2431256422002364,1727985924943023094
0.5104662179946899,0.7238055467605591,1.1904600311814117,1727985924974124301
-0.6283472776412964,0.3182069659233093,1.1730651957837384,1727985925006193041
-0.24887049198150635,0.11371606588363647,1.3820288479575493,1727985925033256764
0.06650471687316895,0.646385133266449,1.2498553470259397,1727985925063240482
-0.3473054766654968,-0.05744093656539917,1.2319171385765815,1727985925093410169
0.41919052600860596,0.3436334729194641,1.2435985999661126,1727985925123398562
-0.3662124276161194,0.7453991770744324,1.27003994441882,1727985925152403112
0.06188279390335083,0.11082172393798828,1.2186850996459255,1727985925182508634
-0.24639499187469482,0.6469364166259766,1.1811977731208234,1727985925214585803
-0.27102184295654297,-0.010824382305145264,1.197732910150699,1727985925246443214
-0.18628418445587158,-0.049852967262268066,1.4046009943293365,1727985925273775901
0.2328428030014038,0.7678393125534058,1.2574318557183257,1727985925303865423
0.09242594242095947,0.22034382820129395,1.2335776031290004,1727985925333868150
-0.21497446298599243,0.4607257843017578,1.2112540009537391,1727985925363929275
-0.22026675939559937,0.15089428424835205,1.2144071951026387,1727985925393989530
0.028262794017791748,0.3704805374145508,1.2433827048242136,1727985925424089758
-0.3119286298751831,0.15065813064575195,1.2619065002872405,1727985925454129014
-0.3188784122467041,0.11854362487792969,1.1606953699157563,1727985925486125980
-0.1180543303489685,0.2445874810218811,1.3285233768110167,1727985925514353989
0.009161412715911865,0.723133385181427,1.2058002171833007,1727985925544418689
-0.23592782020568848,0.04100590944290161,1.2767105077248346,1727985925572478318
-0.07679390907287598,0.4348793625831604,1.145386894549109,1727985925604539088
-0.0478786826133728,0.3101734519004822,1.2306702146335198,1727985925634599851
-0.04677373170852661,0.4519839286804199,1.237337078093725,1727985925664610189
0.17443132400512695,0.7400728464126587,1.221629929930669,1727985925694696959
0.20580852031707764,0.17689210176467896,1.1475615788286422,1727985925726566388
-0.31295454502105713,-0.061829566955566406,1.180263825697585,1727985925757593146
-0.07415837049484253,0.599757969379425,1.3281131474286345,1727985925784884421
-0.08879929780960083,0.3075602650642395,1.1908362828663168,1727985925815028434
-0.5915743112564087,0.40550941228866577,1.1829433119637804,1727985925845701680
0.2452411651611328,0.2713544964790344,1.219727906253126,1727985925875719854
-0.05063992738723755,0.2765465974807739,1.24187212127071,1727985925905744703
-0.254991352558136,0.1807076334953308,1.2193320844795807,1727985925935239711
0.555968701839447,0.35585713386535645,1.1584461994985324,1727985925966246882
-0.1573629379272461,0.26370495557785034,1.121422663111617,1727985925998339028
-0.16899597644805908,0.36328887939453125,1.3250475893876152,1727985926025455280
-0.014003217220306396,0.18234241008758545,1.2149688504667226,1727985926055407155
-0.3130730390548706,0.6065049767494202,1.2852550769081286,1727985926084485991
0.23341262340545654,0.22000384330749512,1.1870617752944386,1727985926115569112
-0.1313057541847229,0.3242673873901367,1.244161776808005,1727985926145654516
-0.8649178743362427,-0.009509086608886719,1.2096031148106159,1727985926175748834
0.7774233222007751,0.24229580163955688,1.1983222358166312,1727985926206179175
-0.4080023765563965,0.8948215842247009,1.1137951886875437,1727985926238885957
0.21310818195343018,0.37809091806411743,1.3450248102029259,1727985926265967030
-0.4205416440963745,0.2027391791343689,1.2156749692267526,1727985926295931085
-0.4520861506462097,0.1447305679321289,1.2265901255136393,1727985926326057376
0.4923900365829468,0.5812693238258362,1.2207006332022599,1727985926356169733
-0.02944803237915039,0.024986088275909424,1.1971378214059931,1727985926386404707
0.13489413261413574,0.30799567699432373,1.1945599538071026,1727985926416284121
0.16120785474777222,0.41013848781585693,1.1917595176298412,1727985926446357500
-0.524406909942627,0.3288717269897461,1.1057827030038996,1727985926478823175
-0.028786540031433105,0.23288428783416748,1.2905936611469326,1727985926507569063
-0.17485731840133667,0.28508973121643066,1.3226706124649406,1727985926535511955
0.3593676686286926,0.29701220989227295,1.1816973844379621,1727985926566598148
-0.2447948455810547,0.3943660259246826,1.2033045883968516,1727985926596639975
-0.5202957987785339,0.5583115816116333,1.1503902913430313,1727985926626700122
-0.1298006772994995,-0.1628900170326233,1.171977033264703,1727985926656745657
-0.33134984970092773,0.3271999955177307,1.1901170586229697,1727985926686901204
-0.07877910137176514,0.3884192705154419,1.1522296124908926,1727985926718300501
0.13410025835037231,0.5821928381919861,1.126453553414601,1727985926750890380
-0.19321495294570923,0.35156363248825073,1.3949569393562948,1727985926777031816
-0.0231630802154541,0.03911459445953369,1.2023995246764982,1727985926807076700
-0.3740233778953552,0.3196781873703003,1.1955447946756976,1727985926837150211
0.10535162687301636,0.44780081510543823,1.1706149810312052,1727985926867294635
0.1533086895942688,0.08396846055984497,1.1934154341940895,1727985926897301710
0.11474853754043579,0.8873968124389648,1.1530476789108914,1727985926927442453
-0.1644519567489624,0.05704015493392944,1.115508102437115,1727985926958715375
-0.5438417792320251,0.26271551847457886,1.1173475274825058,1727985926990425789
0.5718608498573303,1.2826228141784668,1.3026500429468684,1727985927017569875
-0.26405924558639526,0.26568859815597534,1.1576652310317463,1727985927047619657
-0.6076934933662415,-0.09400492906570435,1.1631475881005018,1727985927077684841
0.22864776849746704,0.19760513305664062,1.1842685730189009,1727985927107792478
0.3971954584121704,0.5427799820899963,1.2291176671321613,1727985927137869123
-0.11022001504898071,0.7386167645454407,1.1890286212089645,1727985927167977667
-0.008529305458068848,0.13979005813598633,1.124675620611441,1727985927198759934
-0.14432454109191895,0.32989180088043213,1.097762803260393,1727985927230236059
0.4632290005683899,0.8245705366134644,1.2345850796440792,1727985927258182492
-0.3760995864868164,0.03244835138320923,1.2048021343744273,1727985927288177383
-0.22556865215301514,0.5091825723648071,1.194409478030861,1727985927318260897
0.27072179317474365,0.07147276401519775,1.202784085056892,1727985927348419178
-0.572884738445282,0.6159074306488037,1.206051659111915,1727985927378347598
0.46522682905197144,0.23469877243041992,1.1635887632886992,1727985927408444751
-0.4582364559173584,0.3648914694786072,1.109598464342831,1727985927438780128
-0.11942654848098755,0.13758528232574463,1.06987090924735,1727985927470551583
0.20382803678512573,0.45013052225112915,1.16684930063046,1727985927501211834
-0.21861040592193604,0.23111438751220703,1.3234022335382263,1727985927528805610
0.4053223729133606,0.7272402048110962,1.2029403542181423,1727985927558780720
-0.033789873123168945,-0.16277915239334106,1.1933189581643315,1727985927588851817
-0.08831954002380371,0.33022254705429077,1.178754777092588,1727985927618905912
0.3895488977432251,0.720779299736023,1.1720109119425137,1727985927648962622
-0.4375092387199402,0.32530003786087036,1.1527973114930616,1727985927679020944
0.07158637046813965,0.07437431812286377,1.0978838392227497,1727985927711007533
-0.3163992762565613,0.322380006313324,1.1813603510586559,1727985927741482430
-0.3318580985069275,0.2911710739135742,1.2765810953617003,1727985927769279933
-0.1106640100479126,0.4655459523200989,1.1774022525330494,1727985927799309297
-0.18638235330581665,0.23920679092407227,1.1449228995434784,1727985927829333225
-0.19064664840698242,0.1774243712425232,1.1560782974275525,1727985927859453415
-0.3189213275909424,0.22745150327682495,1.1716155908121595,1727985927889457272
-0.01689136028289795,0.38328731060028076,1.170651386803148,1727985927919631133
0.04673898220062256,0.3968347907066345,1.1976900097949268,1727985927949495464
0.033080101013183594,0.4387238621711731,1.0750564236608204,1727985927982285117
0.6405707597732544,-0.06389421224594116,1.2201601057028486,1727985928010012298
-0.36729902029037476,0.6213988661766052,1.1330613373687615,1727985928039826132
0.18941760063171387,0.0817534327507019,1.1357686388313806,1727985928069873058
0.008097052574157715,0.10654759407043457,1.176971952295105,1727985928099932610
-0.09958088397979736,0.45122677087783813,1.178095886906203,1727985928130002660
0.3493761420249939,0.291753888130188,1.1502359669543514,1727985928160211627
-0.4726003408432007,0.3106995224952698,1.1398654560021584,1727985928190815074
-0.5683040022850037,0.32566434144973755,1.070929308480957,1727985928222730226
-0.07978695631027222,0.07085984945297241,1.1318105958462374,1727985928252383246
-0.35691237449645996,0.024561166763305664,1.2016535975652642,1727985928280960764
0.5421005487442017,0.7002467513084412,1.1505733251513408,1727985928310902969
-0.12825345993041992,0.21692770719528198,1.1384408496916163,1727985928340935971
-0.36730748414993286,0.20297813415527344,1.1388040821999348,1727985928370976584
0.21121299266815186,0.25004643201828003,1.1437588832028815,1727985928400956810
-0.496005117893219,0.5683391094207764,1.1385899096013181,1727985928431029772
-0.1646331548690796,-0.16090363264083862,1.0894611742768112,1727985928462325073
0.2480054497718811,0.6164852380752563,1.1451385278135082,1727985928492478473
-0.3822435736656189,-0.3912787437438965,1.1973321973273752,1727985928521158470
0.33442211151123047,0.5221009254455566,1.1170390329709394,1727985928551192902
-0.16183733940124512,0.6165216565132141,1.1248980368507384,1727985928581148355
-0.455685019493103,0.025625109672546387,1.1158625858134308,1727985928611197309
0.3297179937362671,0.06131863594055176,1.1617027292753541,1727985928641202430
-0.8121097087860107,0.1231566071510315,1.1715972976357976,1727985928671249805
0.5630185604095459,0.3233073949813843,1.1474405507590808,1727985928702438350
-0.1568753719329834,0.587005078792572,1.086792910903145,1727985928734779668
0.10843974351882935,0.0020241141319274902,1.2870787370039183,1727985928761450452
0.262243390083313,0.2930613160133362,1.1646373705333817,1727985928790492230
-0.6926695108413696,0.4135056734085083,1.0684689803760257,1727985928821555324
0.0886009931564331,-0.019455790519714355,1.121914118815856,1727985928851557526
-0.331404447555542,0.7432111501693726,1.1852692392873319,1727985928880625426
0.44506126642227173,0.22293072938919067,1.1076155126992742,1727985928911704826
-0.07797765731811523,0.18231815099716187,1.1311890555939856,1727985928942654282
-0.03631716966629028,0.41352707147598267,1.0588062347866887,1727985928974706149
-0.3235902786254883,-0.14724349975585938,1.2357540238572073,1727985929002011927
-0.22681623697280884,0.20586830377578735,1.1217345527804814,1727985929031987329
0.5120457410812378,0.6366967558860779,1.1268460336130224,1727985929062044033
-0.15332764387130737,0.09214776754379272,1.1703331560876666,1727985929092065247
-0.462893545627594,0.45210129022598267,1.1657067214350827,1727985929122467007
0.11276513338088989,-0.2200525999069214,1.151011355850237,1727985929152244962
-0.44493597745895386,-0.10882383584976196,1.1011162128595031,1727985929182768755
0.3528434634208679,0.6666209697723389,1.073500501602985,1727985929214335188
-0.24861836433410645,0.3955826759338379,1.1727517154868807,1727985929243489542
-0.19190502166748047,0.6220569014549255,1.20446211775722,1727985929281490591
0.24343371391296387,0.2075279951095581,1.0723844067896617,1727985929312579862
-0.16042906045913696,0.1362965703010559,1.0971505722764874,1727985929342660838
0.1759294867515564,0.31763923168182373,0.9896212839762814,1727985929374766059
-0.18685829639434814,0.4174012541770935,1.0420799669785132,1727985929405539654
-0.2907683253288269,0.08978259563446045,1.2233714784405032,1727985929432916109
0.5350630879402161,0.5797989368438721,1.101638539014991,1727985929462946850
-0.6045917868614197,-0.07691574096679688,1.1169869555842347,1727985929492994542
0.007109999656677246,0.17961126565933228,1.1120640351898303,1727985929523069608
-0.3211516737937927,0.589159369468689,1.1069646984086776,1727985929553348138
-0.15828025341033936,-0.5434498190879822,1.1253022515941766,1727985929583249447
0.08294880390167236,0.28808748722076416,1.0924236378651662,1727985929614680174
0.031688809394836426,0.39528584480285645,1.0717323591416152,1727985929646571763
-0.05728346109390259,0.4614177346229553,1.2334343842784299,1727985929673450738
-0.04188895225524902,0.21695899963378906,1.1000978433254482,1727985929703463132
-0.6006472110748291,-0.07992416620254517,1.1234810875917802,1727985929732505616
0.3840537667274475,0.41454964876174927,1.0845788260703866,1727985929763552821
-0.7609091997146606,0.16941380500793457,1.1062138327609123,1727985929793612251
0.3371301293373108,0.4136897325515747,1.1621689836616074,1727985929822763214
-0.169144868850708,0.27864134311676025,1.0122204736058384,1727985929855633492
-0.6918075084686279,0.264525830745697,1.0370745104194872,1727985929886852368
0.06264472007751465,0.05545830726623535,1.1929856103597722,1727985929913976971
-1.077121615409851,0.8738093376159668,1.0740289713043427,1727985929944038677
0.3671891689300537,-0.30848461389541626,1.1172719243023814,1727985929974075961
-0.2720358371734619,0.6667971611022949,1.1297260353148881,1727985930004118157
0.20088410377502441,0.4150886535644531,1.100416180294779,1727985930034164189
-0.022969067096710205,0.09998124837875366,1.1043049574825068,1727985930064246156
-0.12610167264938354,0.7815219163894653,1.075551026781336,1727985930094417515
-0.13450604677200317,-0.042859017848968506,1.017452194808425,1727985930126433051
-0.7232216596603394,-0.07642364501953125,1.1589948706310245,1727985930154581453
0.07297861576080322,0.48502564430236816,1.1017347322036022,1727985930184546663
0.13950908184051514,0.2791649103164673,1.1208598404443484,1727985930214770708
-0.10548138618469238,0.5502669215202332,1.107156421440215,1727985930244596229
0.37652063369750977,0.06784588098526001,1.0956470540691943,1727985930274311229
-0.49165475368499756,0.10660076141357422,1.07003693585478,1727985930304993318
-0.1961711049079895,0.40016716718673706,1.089237357905205,1727985930335109612
0.04620039463043213,0.08887892961502075,1.0343269681757792,1727985930366608211
-0.5165261030197144,0.18845844268798828,1.070796666127706,1727985930397577601
0.38879716396331787,0.7733747959136963,1.2020224623065503,1727985930425071803
-0.44444310665130615,0.1498846411705017,1.0856517985732865,1727985930455096646
-0.294833242893219,0.47742629051208496,1.0967936110750736,1727985930485209639
0.3474574685096741,-0.11888432502746582,1.124836772284525,1727985930515211768
-0.33279693126678467,0.5851988792419434,1.0812520335112092,1727985930545989826
0.45515114068984985,0.7739093899726868,1.0861598316316647,1727985930576005211
-0.44585102796554565,0.28556013107299805,1.0568190202746772,1727985930606591141
-0.405090868473053,0.1279546022415161,0.9948199899518401,1727985930638664688
-0.016255855560302734,0.2315012812614441,1.1993730026693732,1727985930666060131
-0.4506065249443054,0.3805343508720398,1.1153505013124294,1727985930696038499
0.22154003381729126,0.23718225955963135,1.1022089480848143,1727985930726109537
-0.003771662712097168,0.4440332055091858,1.1321413396777553,1727985930754712154
-0.09020048379898071,0.0630916953086853,1.0117588957196813,1727985930785817655
-0.34485936164855957,0.44515329599380493,1.0384636806064,1727985930815928140
-0.10202741622924805,0.23959201574325562,1.0008475543579618,1727985930847095353
-0.46257615089416504,0.2279350757598877,1.009268776841708,1727985930878685024
-0.588629424571991,0.16955184936523438,1.1822373361099072,1727985930906126854
0.29443126916885376,0.42933547496795654,1.066240768040835,1727985930936141459
-0.11221295595169067,0.26462244987487793,1.097901632019164,1727985930966233138
0.15968257188796997,0.1626763939857483,1.066102352284294,1727985930996282582
-0.2468077540397644,0.7124812006950378,1.063985085599836,1727985931026347157
-0.3832184076309204,-0.17638826370239258,1.0636146166747806,1727985931056443618
-0.1459561586380005,0.4624900817871094,1.1072306981711582,1727985931085472878
0.20101386308670044,0.46531015634536743,1.0087007978028377,1727985931118666865
-0.24012452363967896,0.45653390884399414,1.1529112463063678,1727985931146689331
0.024833500385284424,0.03326761722564697,1.06153918806896,1727985931176917435
-0.5616660714149475,0.5310685038566589,1.1014936803175923,1727985931206778999
0.5006400942802429,0.26902633905410767,1.081628898852102,1727985931236782335
0.015386581420898438,0.3183891773223877,1.0607528543796145,1727985931266909206
-0.1663287878036499,0.4570438861846924,1.0699828430594118,1727985931296972262
0.3506587743759155,0.4775598645210266,1.0480424106488457,1727985931327058771
-0.5533998012542725,0.3037506937980652,0.9607492429541983,1727985931359295865
-0.12757807970046997,0.10164421796798706,1.0452220327775459,1727985931389506584
0.22658586502075195,0.5717411041259766,1.1727788237459376,1727985931417244876
-0.34011560678482056,0.07588839530944824,1.0786020625314625,1727985931447270351
0.2579912543296814,0.2532684803009033,1.038421344362802,1727985931477340711
-0.15951615571975708,0.9758167266845703,1.0453199169309348,1727985931507456570
-0.035461246967315674,-0.04734915494918823,1.031530640886203,1727985931537462762
-0.1286303997039795,0.1874934434890747,1.0547331125112989,1727985931567559828
-0.3695390820503235,0.23639392852783203,1.0463450486138834,1727985931598688741
0.018980860710144043,0.20349639654159546,1.0128197882031222,1727985931630841381
-0.06443482637405396,0.7772454023361206,1.1919704148238428,1727985931657762597
-0.1467740535736084,0.03395730257034302,1.0770635363205656,1727985931686819005
-0.2479536533355713,0.3788701295852661,1.0135502611529463,1727985931717942058
-0.02675449848175049,0.31531625986099243,1.072825567135039,1727985931747977596
-0.33315372467041016,0.164201557636261,1.0731117822811667,1727985931778020592
-0.05398106575012207,0.6356667876243591,1.0586576894766173,1727985931808115877
0.1071692705154419,0.006842613220214844,1.0272808887357454,1727985931838776504
-0.13050317764282227,0.42654967308044434,1.0039519722973307,1727985931871009970
0.10261845588684082,0.4105615019798279,1.16913209615184,1727985931898251122
-0.42260080575942993,0.26828694343566895,1.0433229918892537,1727985931928437727
0.1793452501296997,0.6012254953384399,1.0537643109254349,1727985931958626610
0.29783880710601807,0.48198556900024414,1.0502671549149318,1727985931988515088
-0.7348094582557678,0.43033021688461304,1.065645050863072,1727985932018568380
-0.441866934299469,0.3807113766670227,1.0534487961881536,1727985932048605793
-0.7312008142471313,0.056484997272491455,1.0230056321340528,1727985932079336483
0.25778675079345703,-0.053202152252197266,1.0347402113805313,1727985932111013530
-0.44843053817749023,0.5855036973953247,1.0403562062697769,1727985932141734697
-0.18141824007034302,0.5833225846290588,1.157347566545,1727985932168984016
-0.6407991051673889,0.054098308086395264,1.0481736614711563,1727985932198942930
0.3222537636756897,0.2517908811569214,1.039557741534448,1727985932229051290
-0.4019014239311218,0.3108678460121155,1.047882172709763,1727985932259090254
0.6048451066017151,0.348921000957489,1.0450831689805915,1727985932289135156
0.23014187812805176,0.178230881690979,1.0473170680608528,1727985932319303170
-0.14702242612838745,0.18436932563781738,0.9925112460667819,1727985932350883575
0.11629307270050049,0.601517379283905,0.9753953393598302,1727985932383020831
-0.25681817531585693,0.004268288612365723,1.1663435348572293,1727985932409594448
0.3837636113166809,0.7610095143318176,1.058875621368107,1727985932439424578
-0.2539162039756775,-0.0851946473121643,1.0386292350561075,1727985932469642679
-0.23126035928726196,0.18824082612991333,1.0260982160789354,1727985932499659678
0.11227202415466309,0.2994759678840637,1.0337830631800669,1727985932529734382
-0.0962820053100586,0.4471908211708069,1.0094363811153653,1727985932559780310
-0.24364817142486572,0.6701629757881165,0.9898590573487355,1727985932590636289
-0.11767423152923584,0.07543021440505981,0.9890636986039489,1727985932622524950
-0.39134103059768677,0.15750950574874878,1.154175118395183,1727985932650037309
0.359927773475647,0.40686482191085815,1.0671530188558958,1727985932680037783
-0.0582614541053772,0.4356900453567505,1.0218227252933987,1727985932710095495
0.3620567321777344,0.43296802043914795,1.0091474849251338,1727985932740201045
-0.018692433834075928,0.3443033695220947,1.0459497454734785,1727985932770408596
-0.08598864078521729,0.18409371376037598,1.0452991200431443,1727985932800251648
0.10906189680099487,0.672751247882843,1.0159129228923487,1727985932831213939
-0.2915232181549072,-0.3530978560447693,0.9802350673743218,1727985932862814535
0.28727656602859497,0.5154908895492554,1.1229207616601333,1727985932890525931
-0.14400053024291992,0.15553832054138184,1.0387192631744508,1727985932921113103
-0.0698857307434082,0.25766241550445557,1.0496961706120405,1727985932951145121
0.3494420647621155,0.48621875047683716,1.0645012852722817,1727985932981167334
-0.48132264614105225,-0.37516075372695923,1.0359170633768642,1727985933011190847
0.6427541375160217,0.7145033478736877,1.000559548757388,1727985933041203773
-0.17571955919265747,0.3293670415878296,0.9871091696607804,1727985933071298046
-0.18789660930633545,0.5820514559745789,0.9577247904636836,1727985933102685780
-0.05994957685470581,0.22803986072540283,1.0272486044823426,1727985933133841358
-0.5658246874809265,-0.2873702645301819,1.2144788066839827,1727985933160476627
0.9521396160125732,0.8253201246261597,1.0277550427499087,1727985933191344472
-0.006136119365692139,0.014204680919647217,1.0088015246052549,1727985933221435566
-0.15175950527191162,0.28329455852508545,1.0135786086997798,1727985933251423674
0.19288688898086548,0.5818158984184265,1.013633265986775,1727985933281442819
-0.5002122521400452,-0.033758699893951416,1.0526302880591518,1727985933310489115
0.6179383397102356,0.38473379611968994,0.9595783403621739,1727985933342994309
-0.07834875583648682,0.6079031229019165,0.9486626104795541,1727985933374748852
0.3006693720817566,-0.0727466344833374,1.123671355443884,1727985933401616732
0.19019091129302979,0.20656651258468628,1.0449150117365589,1727985933431628739
-0.25718605518341064,0.7964220643043518,1.0370167934855907,1727985933461672399
0.0239255428314209,0.07524681091308594,1.028175995163047,1727985933491725920
-0.3823106288909912,0.36733269691467285,1.0390681093030911,1727985933520930018
0.38241642713546753,0.8104977011680603,0.9664047320078505,1727985933551960638
-0.4299967288970947,0.27345019578933716,0.9706713376162488,1727985933582625522
-0.22114282846450806,0.024736523628234863,0.9384816927280609,1727985933614690251
-0.3798825144767761,0.32925665378570557,1.1361880242475149,1727985933642151671
0.4493270516395569,0.272458016872406,1.0576558949344559,1727985933671478066
-0.18324017524719238,0.21165192127227783,0.9797282786279005,1727985933702261865
-0.21139520406723022,0.3933238387107849,1.004599716316851,1727985933732272745
-0.03382319211959839,-0.03712570667266846,0.9991329971808343,1727985933762377721
0.04667043685913086,0.6148655414581299,1.0296135923737977,1727985933792431357
0.28991585969924927,-0.04697763919830322,1.0362099505378273,1727985933822617725
0.4127770662307739,0.68913334608078,0.9339674359329263,1727985933855020999
0.40488529205322266,0.12967783212661743,1.0014331664010678,1727985933884663321
-0.3219366669654846,-0.2090645432472229,1.058746114261106,1727985933912639110
0.6891712546348572,0.6503095030784607,0.9896746543220318,1727985933942760073
-0.12632018327713013,-0.019908130168914795,1.0345608805560285,1727985933972788926
0.08566117286682129,0.8348425030708313,1.0055183489702055,1727985934003158361
-0.29933494329452515,-0.11514532566070557,1.0185811821395865,1727985934033211604
-0.6874646544456482,-0.5346055626869202,1.0106400372337103,1727985934063071557
0.3691994547843933,0.5383996963500977,0.9401421211517054,1727985934094929073
0.019101619720458984,0.1388724446296692,0.9839953245374092,1727985934126210047
-0.31319111585617065,0.5273163318634033,1.138173955380162,1727985934153255411
0.49439412355422974,0.29187875986099243,0.9959489376459464,1727985934183268253
-0.6193965077400208,-0.23862695693969727,0.9654290170021448,1727985934213377358
0.6375528573989868,0.23071688413619995,1.002734790132418,1727985934243410099
-0.25561994314193726,0.3543570041656494,1.013355554087909,1727985934273531131
-0.011947154998779297,0.15661752223968506,1.0126666132222162,1727985934303647662
0.3801271319389343,0.5453212857246399,0.9693119706198532,1727985934334870190
-0.5934810042381287,0.06871050596237183,0.9235082309410639,1727985934367097611
0.13572978973388672,0.4204254746437073,1.1247516509857518,1727985934393762183
-0.1259366273880005,-0.1885460615158081,1.020495772595956,1727985934423823502
0.2207903265953064,0.23232626914978027,1.015256464491099,1727985934453896881
0.23357778787612915,0.9038028120994568,1.0154678267131716,1727985934484000873
0.564415454864502,0.10507673025131226,0.9872533288375256,1727985934514268282
-0.0011655688285827637,0.30130279064178467,1.0066242493758963,1727985934544106130
0.18062466382980347,0.406761109828949,0.960910468128725,1727985934574918923
0.2500278949737549,-0.05949610471725464,0.94119815690332,1727985934606769503
-0.38666534423828125,0.77027428150177,1.0996397422050928,1727985934634301786
0.7916356921195984,0.11239874362945557,0.9799900769713297,1727985934664344939
-0.2662750482559204,0.04191237688064575,0.9653957609362188,1727985934694431963
-0.8175069093704224,0.4396393299102783,0.9874122010557039,1727985934723474145
0.5973554253578186,-0.17100828886032104,0.9859187083351504,1727985934753506751
-0.39238572120666504,0.5810253024101257,0.9957696247148714,1727985934784603973
0.1285991668701172,0.1421269178390503,0.9985422323366235,1727985934815105289
0.26348310708999634,-0.30772924423217773,0.9048813624311919,1727985934846844216
-0.9164561033248901,0.6995576620101929,1.0007082767392026,1727985934874795288
0.776137113571167,-0.18630748987197876,0.9563921520316737,1727985934904872239
-1.0272839069366455,0.41741424798965454,0.9946302674242724,1727985934934922087
0.1180044412612915,0.1676042675971985,1.0210137594308644,1727985934965026907
0.6554274559020996,-0.46667563915252686,1.000990544261889,1727985934995064212
0.11504065990447998,0.9126076102256775,0.9707440077664513,1727985935025150224
0.004977703094482422,0.510271430015564,0.9829064577131035,1727985935055227133
-0.6819702386856079,-0.13700753450393677,0.9852254376393701,1727985935086713926
0.12120753526687622,0.5676193833351135,0.9890424857300056,1727985935118761508
-0.23532801866531372,0.42283737659454346,1.0922674688370901,1727985935155397874
-0.25115305185317993,-0.24182438850402832,0.9634590693208926,1727985935185462849
0.05955684185028076,0.37897807359695435,0.9724092509833305,1727985935215601335
0.027242302894592285,0.29196494817733765,0.917379785390082,1727985935246699082
0.033899128437042236,-0.06631797552108765,0.8702948349004891,1727985935278844025
-0.4377889037132263,0.6016972064971924,1.0752183267986488,1727985935305703449
0.2832193374633789,0.3363509178161621,0.9675282883524088,1727985935335810877
-0.551494836807251,0.45502758026123047,1.011575102114891,1727985935365817389
-0.030115187168121338,0.10327571630477905,1.0231178901472537,1727985935395940191
0.34682565927505493,-0.01702582836151123,1.021499002667203,1727985935425009719
-0.2695778012275696,0.5165401697158813,0.9248087463522451,1727985935456076451
0.865791916847229,0.3285982608795166,0.9218826352307408,1727985935486868600
-0.27780085802078247,0.3389962315559387,0.8994777203526817,1727985935519186387
-0.09896290302276611,0.3737953305244446,1.0483626571760645,1727985935546294340
-0.1907539963722229,-0.22422969341278076,0.9948754851612482,1727985935576314511
-0.7745405435562134,0.49477624893188477,0.9810504153256391,1727985935606432315
0.3585052490234375,0.5148712396621704,0.9731504984830099,1727985935635475881
-0.3355720639228821,-0.17211949825286865,0.8956865981757296,1727985935666636712
-0.3046361804008484,0.1601247787475586,0.9587750710310164,1727985935696633801
0.23568642139434814,0.683246374130249,0.9679716434936146,1727985935726994621
-0.5753503441810608,-0.11645305156707764,0.9166636735711732,1727985935758911202
0.6036176085472107,0.4367542266845703,1.052364137206737,1727985935786821342
0.32339584827423096,0.2261824607849121,0.9723286079691404,1727985935816829523
-0.04263174533843994,-0.046175360679626465,0.9604001213686669,1727985935846904780
0.08291947841644287,0.6305102705955505,0.9637065068981572,1727985935877004358
-0.052473366260528564,0.39775514602661133,0.9576644094596182,1727985935907110074
-0.375214159488678,-0.21405118703842163,0.9405389565581306,1727985935937270700
-0.09342062473297119,0.8990396857261658,0.9301638180500235,1727985935967215113
-0.3022955060005188,0.2117111086845398,0.8856589215411078,1727985935999188718
-0.3437073826789856,0.12738662958145142,0.9663323894667761,1727985936029942264
0.5924416780471802,0.4313029646873474,1.104306372464985,1727985936057420070
-0.1873764991760254,-0.13114047050476074,1.0103259770584316,1727985936087466826
0.30005061626434326,0.7081981301307678,0.9663658254290233,1727985936117563986
0.10617256164550781,0.0031828880310058594,0.9490812225738139,1727985936147594241
-0.2635505199432373,0.09316796064376831,0.9262191325168477,1727985936177698556
0.6756516098976135,0.8846962451934814,0.9163248600465136,1727985936207742136
-0.6150320172309875,0.26420891284942627,0.9116998937939981,1727985936238949947
-0.38801872730255127,0.07785528898239136,0.8863258318960533,1727985936270919805
0.12466102838516235,0.5665939450263977,1.040651623078939,1727985936297971737
-0.6255863904953003,-0.29417264461517334,0.9514146824444667,1727985936328019105
0.32143157720565796,0.4732612371444702,1.0120853658158582,1727985936357069853
-0.30315840244293213,0.5317739248275757,0.9672508032959644,1727985936388151250
-0.20998334884643555,0.11795467138290405,0.9802456427512481,1727985936418222402
0.1674630045890808,0.5123181939125061,0.9685684117136318,1727985936448274052
-0.5888327360153198,-0.3193961977958679,0.9021419618991974,1727985936479407563
0.13567125797271729,0.035207509994506836,0.9042180867783185,1727985936511034439
0.16038811206817627,0.7027921080589294,1.1120506330721915,1727985936537493931
0.1816900372505188,0.35308730602264404,0.9167280732415275,1727985936568548458
-0.4166092276573181,0.49717259407043457,0.9472744787921092,1727985936598629739
-0.46419650316238403,0.1821526288986206,0.9416967273572968,1727985936628681013
-0.24849605560302734,-0.15502744913101196,0.9796192096110179,1727985936658740531
-0.5607958436012268,0.7474310994148254,0.988074632300558,1727985936688837176
0.38696014881134033,0.3693733811378479,0.9415562337582422,1727985936718999509
-0.11566144227981567,-0.3441121578216553,0.8714554760924472,1727985936750911555
-0.3971722722053528,0.929503321647644,0.9135420998867476,1727985936781181559
-0.021338045597076416,0.06765478849411011,0.9968013340458771,1727985936809160268
-0.03126871585845947,0.09412038326263428,0.9618010469744559,1727985936839121818
0.5684821009635925,0.6372396349906921,0.9454506037581488,1727985936869171016
-0.2514600157737732,0.20796358585357666,0.9456819710403258,1727985936899241936
-0.24066460132598877,0.5506503582000732,0.9324707207073295,1727985936929282190
-0.2779533267021179,0.3501375913619995,0.9313590199443348,1727985936959435866
-0.3648536205291748,-0.3485870361328125,0.9025137874509463,1727985936991797536
0.0671657919883728,0.27178657054901123,0.928444037116677,1727985937022793657
-0.1243826150894165,0.8456925749778748,1.054532730471165,1727985937049670114
-0.2294602394104004,0.014736771583557129,0.9192354555038745,1727985937079671165
-0.07814162969589233,0.2431616187095642,0.9258571977767992,1727985937109716644
-0.808442234992981,0.2613123059272766,0.9248374188830034,1727985937139753194
-0.034113287925720215,0.18233537673950195,0.9454685654899463,1727985937169875106
0.07183414697647095,0.3634413480758667,0.9653551415794591,1727985937199913152
-0.04063767194747925,0.22905951738357544,0.9049708137510499,1727985937231179573
-0.028556764125823975,0.1827976107597351,0.8774077768145242,1727985937263097222
-0.4619256258010864,0.5143997669219971,1.027528234127421,1727985937290160861
-0.3226935863494873,0.2720128297805786,0.9444615093329397,1727985937320158117
-0.44360941648483276,0.14751780033111572,0.9386909526234236,1727985937350283618
0.7926302552223206,0.532051146030426,0.9271988375045903,1727985937380284099
-0.25851404666900635,-0.2419576644897461,0.9175157790181584,1727985937410439107
